NO2_t-1,NO2_t+1,NO2_t+2,NO2_t+3
2.7279561867568165e-05,2.592746204754804e-05,2.546022378737689e-05,1.8114491798438724e-05
3.10034035506264e-05,2.546022378737689e-05,1.8114491798438724e-05,2.5587049094610848e-05
2.592746204754804e-05,1.8114491798438724e-05,2.5587049094610848e-05,2.184428058171761e-05
2.546022378737689e-05,2.5587049094610848e-05,2.184428058171761e-05,1.844185302009767e-05
1.8114491798438724e-05,2.184428058171761e-05,1.844185302009767e-05,1.613278868717316e-05
2.5587049094610848e-05,1.844185302009767e-05,1.613278868717316e-05,3.0506891789627844e-05
2.184428058171761e-05,1.613278868717316e-05,3.0506891789627844e-05,2.4052010758168763e-05
1.844185302009767e-05,3.0506891789627844e-05,2.4052010758168763e-05,2.160298314872004e-05
1.613278868717316e-05,2.4052010758168763e-05,2.160298314872004e-05,2.6788155613151805e-05
3.0506891789627844e-05,2.160298314872004e-05,2.6788155613151805e-05,4.016252651953519e-05
2.4052010758168763e-05,2.6788155613151805e-05,4.016252651953519e-05,2.5951273124115283e-05
2.160298314872004e-05,4.016252651953519e-05,2.5951273124115283e-05,2.2897770375291453e-05
2.6788155613151805e-05,2.5951273124115283e-05,2.2897770375291453e-05,1.9844267626467627e-05
4.016252651953519e-05,2.2897770375291453e-05,1.9844267626467627e-05,2.322495240352712e-05
2.5951273124115283e-05,1.9844267626467627e-05,2.322495240352712e-05,2.515414295582256e-05
2.2897770375291453e-05,2.322495240352712e-05,2.515414295582256e-05,2.4563920027907847e-05
1.9844267626467627e-05,2.515414295582256e-05,2.4563920027907847e-05,2.0845683684456164e-05
2.322495240352712e-05,2.4563920027907847e-05,2.0845683684456164e-05,2.365067969852437e-05
2.515414295582256e-05,2.0845683684456164e-05,2.365067969852437e-05,2.1885984779146384e-05
2.4563920027907847e-05,2.365067969852437e-05,2.1885984779146384e-05,2.590288765228858e-05
2.0845683684456164e-05,2.1885984779146384e-05,2.590288765228858e-05,2.929192002435836e-05
2.365067969852437e-05,2.590288765228858e-05,2.929192002435836e-05,2.737848035394564e-05
2.1885984779146384e-05,2.929192002435836e-05,2.737848035394564e-05,3.2469764998192353e-05
2.590288765228858e-05,2.737848035394564e-05,3.2469764998192353e-05,2.301989078053641e-05
2.929192002435836e-05,3.2469764998192353e-05,2.301989078053641e-05,3.8901937235399e-05
2.737848035394564e-05,2.301989078053641e-05,3.8901937235399e-05,3.0040417836322115e-05
3.2469764998192353e-05,3.8901937235399e-05,3.0040417836322115e-05,1.3574691365647595e-05
2.301989078053641e-05,3.0040417836322115e-05,1.3574691365647595e-05,2.512442006263882e-05
3.8901937235399e-05,1.3574691365647595e-05,2.512442006263882e-05,2.143302208423848e-05
3.0040417836322115e-05,2.512442006263882e-05,2.143302208423848e-05,1.7710316384670292e-05
1.3574691365647595e-05,2.143302208423848e-05,1.7710316384670292e-05,2.0585529167858736e-05
2.512442006263882e-05,1.7710316384670292e-05,2.0585529167858736e-05,2.4795933313725985e-05
2.143302208423848e-05,2.0585529167858736e-05,2.4795933313725985e-05,1.3757770129056247e-05
1.7710316384670292e-05,2.4795933313725985e-05,1.3757770129056247e-05,1.483510360148185e-05
2.0585529167858736e-05,1.3757770129056247e-05,1.483510360148185e-05,2.3460741951047176e-05
2.4795933313725985e-05,1.483510360148185e-05,2.3460741951047176e-05,3.950773937807147e-05
1.3757770129056247e-05,2.3460741951047176e-05,3.950773937807147e-05,1.985120206882129e-05
1.483510360148185e-05,3.950773937807147e-05,1.985120206882129e-05,2.246652813179632e-05
2.3460741951047176e-05,1.985120206882129e-05,2.246652813179632e-05,2.701887547118531e-05
3.950773937807147e-05,2.246652813179632e-05,2.701887547118531e-05,3.058694111738684e-05
1.985120206882129e-05,2.701887547118531e-05,3.058694111738684e-05,2.662892490791689e-05
2.246652813179632e-05,3.058694111738684e-05,2.662892490791689e-05,1.934600716898179e-05
2.701887547118531e-05,2.662892490791689e-05,1.934600716898179e-05,2.346962158602157e-05
3.058694111738684e-05,1.934600716898179e-05,2.346962158602157e-05,2.7593236003061367e-05
2.662892490791689e-05,2.346962158602157e-05,2.7593236003061367e-05,2.356543882342521e-05
1.934600716898179e-05,2.7593236003061367e-05,2.356543882342521e-05,2.392798671735364e-05
2.346962158602157e-05,2.356543882342521e-05,2.392798671735364e-05,2.574530753918225e-05
2.7593236003061367e-05,2.392798671735364e-05,2.574530753918225e-05,2.500097927319681e-05
2.356543882342521e-05,2.574530753918225e-05,2.500097927319681e-05,2.633987840757376e-05
2.392798671735364e-05,2.500097927319681e-05,2.633987840757376e-05,2.285499416151045e-05
2.574530753918225e-05,2.633987840757376e-05,2.285499416151045e-05,3.078454437854816e-05
2.500097927319681e-05,2.285499416151045e-05,3.078454437854816e-05,3.679438790034813e-05
2.633987840757376e-05,3.078454437854816e-05,3.679438790034813e-05,2.33450280878363e-05
2.285499416151045e-05,3.679438790034813e-05,2.33450280878363e-05,2.0530936808427214e-05
3.078454437854816e-05,2.33450280878363e-05,2.0530936808427214e-05,3.014428042054836e-05
3.679438790034813e-05,2.0530936808427214e-05,3.014428042054836e-05,1.666285925239208e-05
2.33450280878363e-05,3.014428042054836e-05,1.666285925239208e-05,2.91756956964188e-05
2.0530936808427214e-05,1.666285925239208e-05,2.91756956964188e-05,2.32757215599122e-05
3.014428042054836e-05,2.91756956964188e-05,2.32757215599122e-05,2.6456195579764124e-05
1.666285925239208e-05,2.32757215599122e-05,2.6456195579764124e-05,2.7959883179088745e-05
2.91756956964188e-05,2.6456195579764124e-05,2.7959883179088745e-05,2.566767019137236e-05
2.32757215599122e-05,2.7959883179088745e-05,2.566767019137236e-05,2.5933572639284343e-05
2.6456195579764124e-05,2.566767019137236e-05,2.5933572639284343e-05,2.9802081977929145e-05
2.7959883179088745e-05,2.5933572639284343e-05,2.9802081977929145e-05,3.069234216210052e-05
2.566767019137236e-05,2.9802081977929145e-05,3.069234216210052e-05,2.7980916759891745e-05
2.5933572639284343e-05,3.069234216210052e-05,2.7980916759891745e-05,2.5933572639284343e-05
2.9802081977929145e-05,2.7980916759891745e-05,2.5933572639284343e-05,2.3886228518676944e-05
3.069234216210052e-05,2.5933572639284343e-05,2.3886228518676944e-05,2.519746143055575e-05
2.7980916759891745e-05,2.3886228518676944e-05,2.519746143055575e-05,2.4968777627994616e-05
2.5933572639284343e-05,2.519746143055575e-05,2.4968777627994616e-05,1.4073498797578003e-05
2.3886228518676944e-05,2.4968777627994616e-05,1.4073498797578003e-05,2.562989417735177e-05
2.519746143055575e-05,1.4073498797578003e-05,2.562989417735177e-05,2.2921349985457105e-05
2.4968777627994616e-05,2.562989417735177e-05,2.2921349985457105e-05,3.253205861917443e-05
1.4073498797578003e-05,2.2921349985457105e-05,3.253205861917443e-05,2.4006873404273804e-05
2.562989417735177e-05,3.253205861917443e-05,2.4006873404273804e-05,2.788584197332966e-05
2.2921349985457105e-05,2.4006873404273804e-05,2.788584197332966e-05,2.4204038102955867e-05
3.253205861917443e-05,2.788584197332966e-05,2.4204038102955867e-05,2.407422306305307e-05
2.4006873404273804e-05,2.4204038102955867e-05,2.407422306305307e-05,2.403784681822193e-05
2.788584197332966e-05,2.407422306305307e-05,2.403784681822193e-05,3.1899803313232646e-05
2.4204038102955867e-05,2.403784681822193e-05,3.1899803313232646e-05,3.2646526202976624e-05
2.407422306305307e-05,3.1899803313232646e-05,3.2646526202976624e-05,4.163811263424577e-05
2.403784681822193e-05,3.2646526202976624e-05,4.163811263424577e-05,2.6791362870426383e-05
3.1899803313232646e-05,4.163811263424577e-05,2.6791362870426383e-05,3.7748916080696894e-05
3.2646526202976624e-05,2.6791362870426383e-05,3.7748916080696894e-05,2.1284330766017472e-05
4.163811263424577e-05,3.7748916080696894e-05,2.1284330766017472e-05,2.6088673786778767e-05
2.6791362870426383e-05,2.1284330766017472e-05,2.6088673786778767e-05,3.055937883221883e-05
3.7748916080696894e-05,2.6088673786778767e-05,3.055937883221883e-05,2.7456055613583884e-05
2.1284330766017472e-05,3.055937883221883e-05,2.7456055613583884e-05,2.426676049556894e-05
2.6088673786778767e-05,2.7456055613583884e-05,2.426676049556894e-05,2.386483706548902e-05
3.055937883221883e-05,2.426676049556894e-05,2.386483706548902e-05,2.3090154475842912e-05
2.7456055613583884e-05,2.386483706548902e-05,2.3090154475842912e-05,1.0648768920873408e-05
2.426676049556894e-05,2.3090154475842912e-05,1.0648768920873408e-05,1.7170295298759204e-05
2.386483706548902e-05,1.0648768920873408e-05,1.7170295298759204e-05,3.136322569237867e-05
2.3090154475842912e-05,1.7170295298759204e-05,3.136322569237867e-05,3.210183767047663e-05
1.0648768920873408e-05,3.136322569237867e-05,3.210183767047663e-05,3.284044964857458e-05
1.7170295298759204e-05,3.210183767047663e-05,3.284044964857458e-05,2.937654941585303e-05
3.136322569237867e-05,3.284044964857458e-05,2.937654941585303e-05,2.5681068291305564e-05
3.210183767047663e-05,2.937654941585303e-05,2.5681068291305564e-05,2.6549150607024782e-05
3.284044964857458e-05,2.5681068291305564e-05,2.6549150607024782e-05,3.031660950606844e-05
2.937654941585303e-05,2.6549150607024782e-05,3.031660950606844e-05,3.1904190715674e-05
2.5681068291305564e-05,3.031660950606844e-05,3.1904190715674e-05,3.907270204055951e-05
2.6549150607024782e-05,3.1904190715674e-05,3.907270204055951e-05,3.130044797217124e-05
3.031660950606844e-05,3.907270204055951e-05,3.130044797217124e-05,3.7280688350923206e-05
3.1904190715674e-05,3.130044797217124e-05,3.7280688350923206e-05,3.065892512192173e-05
3.907270204055951e-05,3.7280688350923206e-05,3.065892512192173e-05,3.47089806180318e-05
3.130044797217124e-05,3.065892512192173e-05,3.47089806180318e-05,3.875903611414186e-05
3.7280688350923206e-05,3.47089806180318e-05,3.875903611414186e-05,2.983136073453352e-05
3.065892512192173e-05,3.875903611414186e-05,2.983136073453352e-05,3.065409146074671e-05
3.47089806180318e-05,2.983136073453352e-05,3.065409146074671e-05,3.147682218695991e-05
3.875903611414186e-05,3.065409146074671e-05,3.147682218695991e-05,3.159812558806152e-05
2.983136073453352e-05,3.147682218695991e-05,3.159812558806152e-05,3.1719428989163134e-05
3.065409146074671e-05,3.159812558806152e-05,3.1719428989163134e-05,2.605553466613249e-05
3.147682218695991e-05,3.1719428989163134e-05,2.605553466613249e-05,2.4992714054061445e-05
3.159812558806152e-05,2.605553466613249e-05,2.4992714054061445e-05,2.39298934419904e-05
3.1719428989163134e-05,2.4992714054061445e-05,2.39298934419904e-05,2.4229397509274847e-05
2.605553466613249e-05,2.39298934419904e-05,2.4229397509274847e-05,2.452890157655929e-05
2.4992714054061445e-05,2.4229397509274847e-05,2.452890157655929e-05,3.8706730265403166e-05
2.39298934419904e-05,2.452890157655929e-05,3.8706730265403166e-05,3.335617875563912e-05
2.4229397509274847e-05,3.8706730265403166e-05,3.335617875563912e-05,3.33734210471448e-05
2.452890157655929e-05,3.335617875563912e-05,3.33734210471448e-05,2.971783154256021e-05
3.8706730265403166e-05,3.33734210471448e-05,2.971783154256021e-05,1.948420761740029e-05
3.335617875563912e-05,2.971783154256021e-05,1.948420761740029e-05,2.071595486086153e-05
3.33734210471448e-05,1.948420761740029e-05,2.071595486086153e-05,2.2021829964715936e-05
2.971783154256021e-05,2.071595486086153e-05,2.2021829964715936e-05,2.372257768001873e-05
1.948420761740029e-05,2.2021829964715936e-05,2.372257768001873e-05,2.775549516324342e-05
2.071595486086153e-05,2.372257768001873e-05,2.775549516324342e-05,2.761257054670649e-05
2.2021829964715936e-05,2.775549516324342e-05,2.761257054670649e-05,2.247481370432069e-05
2.372257768001873e-05,2.761257054670649e-05,2.247481370432069e-05,1.7448039216105826e-05
2.775549516324342e-05,2.247481370432069e-05,1.7448039216105826e-05,2.4462430701532867e-05
2.761257054670649e-05,1.7448039216105826e-05,2.4462430701532867e-05,2.7501588192535564e-05
2.247481370432069e-05,2.4462430701532867e-05,2.7501588192535564e-05,2.7834535255048348e-05
1.7448039216105826e-05,2.7501588192535564e-05,2.7834535255048348e-05,2.772355290087742e-05
2.4462430701532867e-05,2.7834535255048348e-05,2.772355290087742e-05,2.059284088318236e-05
2.7501588192535564e-05,2.772355290087742e-05,2.059284088318236e-05,2.488823990158077e-05
2.7834535255048348e-05,2.059284088318236e-05,2.488823990158077e-05,1.5799398689027426e-05
2.772355290087742e-05,2.488823990158077e-05,1.5799398689027426e-05,1.2122348574518003e-05
2.059284088318236e-05,1.5799398689027426e-05,1.2122348574518003e-05,1.5799398689027426e-05
2.488823990158077e-05,1.2122348574518003e-05,1.5799398689027426e-05,1.947644880353685e-05
1.5799398689027426e-05,1.5799398689027426e-05,1.947644880353685e-05,2.315349891804627e-05
1.2122348574518003e-05,1.947644880353685e-05,2.315349891804627e-05,2.5569727101397305e-05
1.5799398689027426e-05,2.315349891804627e-05,2.5569727101397305e-05,2.7985955284748343e-05
1.947644880353685e-05,2.5569727101397305e-05,2.7985955284748343e-05,2.371919222034856e-05
2.315349891804627e-05,2.7985955284748343e-05,2.371919222034856e-05,2.1280413837606225e-05
2.5569727101397305e-05,2.371919222034856e-05,2.1280413837606225e-05,2.424725971650332e-05
2.7985955284748343e-05,2.1280413837606225e-05,2.424725971650332e-05,2.3543169721630296e-05
2.371919222034856e-05,2.424725971650332e-05,2.3543169721630296e-05,1.8390296291828337e-05
2.1280413837606225e-05,2.3543169721630296e-05,1.8390296291828337e-05,2.407123721778506e-05
2.424725971650332e-05,1.8390296291828337e-05,2.407123721778506e-05,2.3895214719066807e-05
2.3543169721630296e-05,2.407123721778506e-05,2.3895214719066807e-05,1.8313567958709125e-05
1.8390296291828337e-05,2.3895214719066807e-05,1.8313567958709125e-05,2.1093664327054284e-05
2.407123721778506e-05,1.8313567958709125e-05,2.1093664327054284e-05,1.88386369776102e-05
2.3895214719066807e-05,2.1093664327054284e-05,1.88386369776102e-05,2.3564132789033465e-05
1.8313567958709125e-05,1.88386369776102e-05,2.3564132789033465e-05,2.221891932852789e-05
2.1093664327054284e-05,2.3564132789033465e-05,2.221891932852789e-05,1.4526893573929556e-05
1.88386369776102e-05,2.221891932852789e-05,1.4526893573929556e-05,2.315038038129084e-05
2.3564132789033465e-05,1.4526893573929556e-05,2.315038038129084e-05,2.7660435080179013e-05
2.221891932852789e-05,2.315038038129084e-05,2.7660435080179013e-05,2.2684649854909368e-05
1.4526893573929556e-05,2.7660435080179013e-05,2.2684649854909368e-05,2.3921450823157407e-05
2.315038038129084e-05,2.2684649854909368e-05,2.3921450823157407e-05,1.1258318409090862e-05
2.7660435080179013e-05,2.3921450823157407e-05,1.1258318409090862e-05,2.1293454665283207e-05
2.2684649854909368e-05,1.1258318409090862e-05,2.1293454665283207e-05,1.7589884616124134e-05
2.3921450823157407e-05,2.1293454665283207e-05,1.7589884616124134e-05,2.795027326514669e-05
1.1258318409090862e-05,1.7589884616124134e-05,2.795027326514669e-05,1.846702462494755e-05
2.1293454665283207e-05,2.795027326514669e-05,1.846702462494755e-05,1.854375295806676e-05
1.7589884616124134e-05,1.846702462494755e-05,1.854375295806676e-05,3.025301703019068e-05
2.795027326514669e-05,1.854375295806676e-05,3.025301703019068e-05,2.1287458275764943e-05
1.846702462494755e-05,3.025301703019068e-05,2.1287458275764943e-05,2.1753188802146416e-05
1.854375295806676e-05,2.1287458275764943e-05,2.1753188802146416e-05,2.3033827756080423e-05
3.025301703019068e-05,2.1753188802146416e-05,2.3033827756080423e-05,2.4780197236395903e-05
2.1287458275764943e-05,2.3033827756080423e-05,2.4780197236395903e-05,2.6526566716711383e-05
2.1753188802146416e-05,2.4780197236395903e-05,2.6526566716711383e-05,3.176567515765783e-05
2.3033827756080423e-05,2.6526566716711383e-05,3.176567515765783e-05,3.0019305677342347e-05
2.4780197236395903e-05,3.176567515765783e-05,3.0019305677342347e-05,2.8272936197026867e-05
2.6526566716711383e-05,3.0019305677342347e-05,2.8272936197026867e-05,1.978338865834909e-05
3.176567515765783e-05,2.8272936197026867e-05,1.978338865834909e-05,2.240079575130949e-05
3.0019305677342347e-05,1.978338865834909e-05,2.240079575130949e-05,2.5923797466020915e-05
2.8272936197026867e-05,2.240079575130949e-05,2.5923797466020915e-05,2.4965661737041955e-05
1.978338865834909e-05,2.5923797466020915e-05,2.4965661737041955e-05,2.5018202844269888e-05
2.240079575130949e-05,2.4965661737041955e-05,2.5018202844269888e-05,1.7165981565388695e-05
2.5923797466020915e-05,2.5018202844269888e-05,1.7165981565388695e-05,2.763560993723028e-05
2.4965661737041955e-05,1.7165981565388695e-05,2.763560993723028e-05,2.4007526008063e-05
2.5018202844269888e-05,2.763560993723028e-05,2.4007526008063e-05,1.045138077205155e-05
1.7165981565388695e-05,2.4007526008063e-05,1.045138077205155e-05,1.6381143723265268e-05
2.763560993723028e-05,1.045138077205155e-05,1.6381143723265268e-05,1.7393650287650182e-05
2.4007526008063e-05,1.6381143723265268e-05,1.7393650287650182e-05,1.9707740126183058e-05
1.045138077205155e-05,1.7393650287650182e-05,1.9707740126183058e-05,1.5983478727287513e-05
1.6381143723265268e-05,1.9707740126183058e-05,1.5983478727287513e-05,1.225921732839197e-05
1.7393650287650182e-05,1.5983478727287513e-05,1.225921732839197e-05,1.2765470610584426e-05
1.9707740126183058e-05,1.225921732839197e-05,1.2765470610584426e-05,1.5079560449117303e-05
1.5983478727287513e-05,1.2765470610584426e-05,1.5079560449117303e-05,2.962169609261878e-05
1.225921732839197e-05,1.5079560449117303e-05,2.962169609261878e-05,2.1045779832462588e-05
1.2765470610584426e-05,2.962169609261878e-05,2.1045779832462588e-05,1.675782170238449e-05
1.5079560449117303e-05,2.1045779832462588e-05,1.675782170238449e-05,2.747771702757973e-05
2.962169609261878e-05,1.675782170238449e-05,2.747771702757973e-05,1.4613842637345442e-05
2.1045779832462588e-05,2.747771702757973e-05,1.4613842637345442e-05,1.890180076742354e-05
1.675782170238449e-05,1.4613842637345442e-05,1.890180076742354e-05,2.3189758897501635e-05
2.747771702757973e-05,1.890180076742354e-05,2.3189758897501635e-05,2.533373796254068e-05
1.4613842637345442e-05,2.3189758897501635e-05,2.533373796254068e-05,1.914544210042853e-05
1.890180076742354e-05,2.533373796254068e-05,1.914544210042853e-05,1.7815730340468388e-05
2.3189758897501635e-05,1.914544210042853e-05,1.7815730340468388e-05,1.6348277085853624e-05
2.533373796254068e-05,1.7815730340468388e-05,1.6348277085853624e-05,2.16287639887014e-05
1.914544210042853e-05,1.6348277085853624e-05,2.16287639887014e-05,2.391076880788508e-05
1.7815730340468388e-05,2.16287639887014e-05,2.391076880788508e-05,1.898852053727751e-05
1.6348277085853624e-05,2.391076880788508e-05,1.898852053727751e-05,2.1528105454156805e-05
2.16287639887014e-05,1.898852053727751e-05,2.1528105454156805e-05,2.0800369687397808e-05
2.391076880788508e-05,2.1528105454156805e-05,2.0800369687397808e-05,2.141017057510908e-05
1.898852053727751e-05,2.0800369687397808e-05,2.141017057510908e-05,1.906940672569135e-05
2.1528105454156805e-05,2.141017057510908e-05,1.906940672569135e-05,2.798053490238317e-05
2.0800369687397808e-05,1.906940672569135e-05,2.798053490238317e-05,1.7734861103235744e-05
2.141017057510908e-05,2.798053490238317e-05,1.7734861103235744e-05,3.243609899072908e-05
1.906940672569135e-05,1.7734861103235744e-05,3.243609899072908e-05,2.352497081403726e-05
2.798053490238317e-05,3.243609899072908e-05,2.352497081403726e-05,2.430522543050984e-05
1.7734861103235744e-05,2.352497081403726e-05,2.430522543050984e-05,2.508548004698241e-05
3.243609899072908e-05,2.430522543050984e-05,2.508548004698241e-05,2.079307829464225e-05
2.352497081403726e-05,2.508548004698241e-05,2.079307829464225e-05,2.2818092309700493e-05
2.430522543050984e-05,2.079307829464225e-05,2.2818092309700493e-05,2.180696772098379e-05
2.508548004698241e-05,2.2818092309700493e-05,2.180696772098379e-05,2.0798860835687567e-05
2.079307829464225e-05,2.180696772098379e-05,2.0798860835687567e-05,2.0795843132267084e-05
2.2818092309700493e-05,2.0798860835687567e-05,2.0795843132267084e-05,2.130140542662544e-05
2.180696772098379e-05,2.0795843132267084e-05,2.130140542662544e-05,2.231253001534214e-05
2.0798860835687567e-05,2.130140542662544e-05,2.231253001534214e-05,2.0797351983977325e-05
2.0795843132267084e-05,2.231253001534214e-05,2.0797351983977325e-05,1.857300818330028e-05
2.130140542662544e-05,2.0797351983977325e-05,1.857300818330028e-05,2.108744942349389e-05
2.231253001534214e-05,1.857300818330028e-05,2.108744942349389e-05,1.941115526336481e-05
2.0797351983977325e-05,2.108744942349389e-05,1.941115526336481e-05,2.3601890663687497e-05
1.857300818330028e-05,1.941115526336481e-05,2.3601890663687497e-05,2.1925596503558425e-05
2.108744942349389e-05,2.3601890663687497e-05,2.1925596503558425e-05,2.024930234342936e-05
1.941115526336481e-05,2.1925596503558425e-05,2.024930234342936e-05,2.444003774375204e-05
2.3601890663687497e-05,2.024930234342936e-05,2.444003774375204e-05,2.276374358362296e-05
2.1925596503558425e-05,2.444003774375204e-05,2.276374358362296e-05,1.13110227175639e-05
2.024930234342936e-05,2.276374358362296e-05,1.13110227175639e-05,1.0800035397551255e-05
2.444003774375204e-05,1.13110227175639e-05,1.0800035397551255e-05,1.1309517276458791e-05
2.276374358362296e-05,1.0800035397551255e-05,1.1309517276458791e-05,1.1818999155366328e-05
1.13110227175639e-05,1.1309517276458791e-05,1.1818999155366328e-05,1.7122188031256275e-05
1.0800035397551255e-05,1.1818999155366328e-05,1.7122188031256275e-05,1.748535002358646e-05
1.1309517276458791e-05,1.7122188031256275e-05,1.748535002358646e-05,1.675166587726077e-05
1.1818999155366328e-05,1.748535002358646e-05,1.675166587726077e-05,1.3348950233194046e-05
1.7122188031256275e-05,1.675166587726077e-05,1.3348950233194046e-05,1.489499669939202e-05
1.748535002358646e-05,1.3348950233194046e-05,1.489499669939202e-05,1.956649841001005e-05
1.675166587726077e-05,1.489499669939202e-05,1.956649841001005e-05,2.1123665646882728e-05
1.3348950233194046e-05,1.956649841001005e-05,2.1123665646882728e-05,1.3337829462519345e-05
1.489499669939202e-05,2.1123665646882728e-05,1.3337829462519345e-05,3.297584670589358e-05
1.956649841001005e-05,1.3337829462519345e-05,3.297584670589358e-05,1.6452163936264697e-05
2.1123665646882728e-05,3.297584670589358e-05,1.6452163936264697e-05,2.704975617638816e-05
1.3337829462519345e-05,1.6452163936264697e-05,2.704975617638816e-05,1.8009331173137375e-05
3.297584670589358e-05,2.704975617638816e-05,1.8009331173137375e-05,1.716014500307107e-05
1.6452163936264697e-05,1.8009331173137375e-05,1.716014500307107e-05,2.033577136513265e-05
2.704975617638816e-05,1.716014500307107e-05,2.033577136513265e-05,1.7696118095242046e-05
1.8009331173137375e-05,2.033577136513265e-05,1.7696118095242046e-05,2.4047370819365217e-05
1.716014500307107e-05,1.7696118095242046e-05,2.4047370819365217e-05,2.228802512149741e-05
2.033577136513265e-05,2.4047370819365217e-05,2.228802512149741e-05,1.8232091187413022e-05
1.7696118095242046e-05,2.228802512149741e-05,1.8232091187413022e-05,1.6624171910900092e-05
2.4047370819365217e-05,1.8232091187413022e-05,1.6624171910900092e-05,1.8768064279584e-05
2.228802512149741e-05,1.6624171910900092e-05,1.8768064279584e-05,1.4643798395910482e-05
1.8232091187413022e-05,1.8768064279584e-05,1.4643798395910482e-05,1.6408852388849482e-05
1.6624171910900092e-05,1.4643798395910482e-05,1.6408852388849482e-05,2.2911524107864047e-05
1.8768064279584e-05,1.6408852388849482e-05,2.2911524107864047e-05,1.3459393964391593e-05
1.4643798395910482e-05,2.2911524107864047e-05,1.3459393964391593e-05,2.704538696384083e-05
1.6408852388849482e-05,1.3459393964391593e-05,2.704538696384083e-05,1.4878901311021764e-05
2.2911524107864047e-05,2.704538696384083e-05,1.4878901311021764e-05,1.8777661251887264e-05
1.3459393964391593e-05,1.4878901311021764e-05,1.8777661251887264e-05,1.0509935539933698e-05
2.704538696384083e-05,1.8777661251887264e-05,1.0509935539933698e-05,1.7210322539540357e-05
1.4878901311021764e-05,1.0509935539933698e-05,1.7210322539540357e-05,1.4472131264634904e-05
1.8777661251887264e-05,1.7210322539540357e-05,1.4472131264634904e-05,1.961965934545636e-05
1.0509935539933698e-05,1.4472131264634904e-05,1.961965934545636e-05,1.5258971049863452e-05
1.7210322539540357e-05,1.961965934545636e-05,1.5258971049863452e-05,1.7806296606674248e-05
1.4472131264634904e-05,1.5258971049863452e-05,1.7806296606674248e-05,1.3307619560186544e-05
1.961965934545636e-05,1.7806296606674248e-05,1.3307619560186544e-05,1.5636642969083267e-05
1.5258971049863452e-05,1.3307619560186544e-05,1.5636642969083267e-05,1.680115467353163e-05
1.7806296606674248e-05,1.5636642969083267e-05,1.680115467353163e-05,3.475234615944391e-05
1.3307619560186544e-05,1.680115467353163e-05,3.475234615944391e-05,2.7639245499380025e-05
1.5636642969083267e-05,3.475234615944391e-05,2.7639245499380025e-05,2.539392131612181e-05
1.680115467353163e-05,2.7639245499380025e-05,2.539392131612181e-05,2.314859713286361e-05
3.475234615944391e-05,2.539392131612181e-05,2.314859713286361e-05,3.288415008647497e-05
2.7639245499380025e-05,2.314859713286361e-05,3.288415008647497e-05,3.101595401350604e-05
2.539392131612181e-05,3.288415008647497e-05,3.101595401350604e-05,3.212989386589643e-05
2.314859713286361e-05,3.101595401350604e-05,3.212989386589643e-05,3.6620542232412845e-05
3.288415008647497e-05,3.212989386589643e-05,3.6620542232412845e-05,2.264623098098026e-05
3.101595401350604e-05,3.6620542232412845e-05,2.264623098098026e-05,1.9105925124070684e-05
3.212989386589643e-05,2.264623098098026e-05,1.9105925124070684e-05,3.459916135600199e-05
3.6620542232412845e-05,1.9105925124070684e-05,3.459916135600199e-05,2.08260692697119e-05
2.264623098098026e-05,3.459916135600199e-05,2.08260692697119e-05,3.117924981981761e-05
1.9105925124070684e-05,2.08260692697119e-05,3.117924981981761e-05,2.573314162194918e-05
3.459916135600199e-05,3.117924981981761e-05,2.573314162194918e-05,2.0287033424080748e-05
2.08260692697119e-05,2.573314162194918e-05,2.0287033424080748e-05,2.254621341535312e-05
3.117924981981761e-05,2.0287033424080748e-05,2.254621341535312e-05,2.618653683788984e-05
2.573314162194918e-05,2.254621341535312e-05,2.618653683788984e-05,1.4773830040818815e-05
2.0287033424080748e-05,2.618653683788984e-05,1.4773830040818815e-05,2.4725112598389388e-05
2.254621341535312e-05,1.4773830040818815e-05,2.4725112598389388e-05,2.972684269479941e-05
2.618653683788984e-05,2.4725112598389388e-05,2.972684269479941e-05,3.935810430751493e-05
1.4773830040818815e-05,2.972684269479941e-05,3.935810430751493e-05,3.196173410439466e-05
2.4725112598389388e-05,3.935810430751493e-05,3.196173410439466e-05,2.7893681842922684e-05
2.972684269479941e-05,3.196173410439466e-05,2.7893681842922684e-05,2.382562958145071e-05
3.935810430751493e-05,2.7893681842922684e-05,2.382562958145071e-05,1.9757577319978736e-05
3.196173410439466e-05,2.382562958145071e-05,1.9757577319978736e-05,1.7009988027893996e-05
2.7893681842922684e-05,1.9757577319978736e-05,1.7009988027893996e-05,2.378077063743452e-05
2.382562958145071e-05,1.7009988027893996e-05,2.378077063743452e-05,2.045993902096857e-05
1.9757577319978736e-05,2.378077063743452e-05,2.045993902096857e-05,2.0528679423629605e-05
1.7009988027893996e-05,2.045993902096857e-05,2.0528679423629605e-05,2.0947772213730783e-05
2.378077063743452e-05,2.0528679423629605e-05,2.0947772213730783e-05,1.87693337257618e-05
2.045993902096857e-05,2.0947772213730783e-05,1.87693337257618e-05,2.5037093413023587e-05
2.0528679423629605e-05,1.87693337257618e-05,2.5037093413023587e-05,2.7872183515379827e-05
2.0947772213730783e-05,2.5037093413023587e-05,2.7872183515379827e-05,1.796566637797999e-05
1.87693337257618e-05,2.7872183515379827e-05,1.796566637797999e-05,2.762248186627403e-05
2.5037093413023587e-05,1.796566637797999e-05,2.762248186627403e-05,2.26452051454847e-05
2.7872183515379827e-05,2.762248186627403e-05,2.26452051454847e-05,1.766792842469537e-05
1.796566637797999e-05,2.26452051454847e-05,1.766792842469537e-05,1.4011316125106532e-05
2.762248186627403e-05,1.766792842469537e-05,1.4011316125106532e-05,2.238818827512053e-05
2.26452051454847e-05,1.4011316125106532e-05,2.238818827512053e-05,1.737019047141075e-05
1.766792842469537e-05,2.238818827512053e-05,1.737019047141075e-05,2.527818482381657e-05
1.4011316125106532e-05,1.737019047141075e-05,2.527818482381657e-05,2.062485979574073e-05
2.238818827512053e-05,2.527818482381657e-05,2.062485979574073e-05,2.2534400463515303e-05
1.737019047141075e-05,2.062485979574073e-05,2.2534400463515303e-05,2.467279758453937e-05
2.527818482381657e-05,2.2534400463515303e-05,2.467279758453937e-05,1.7505714519453857e-05
2.062485979574073e-05,2.467279758453937e-05,1.7505714519453857e-05,2.039600334249124e-05
2.2534400463515303e-05,1.7505714519453857e-05,2.039600334249124e-05,2.137154231718341e-05
2.467279758453937e-05,2.039600334249124e-05,2.137154231718341e-05,2.681119470556344e-05
1.7505714519453857e-05,2.137154231718341e-05,2.681119470556344e-05,2.4303647395837203e-05
2.039600334249124e-05,2.681119470556344e-05,2.4303647395837203e-05,2.261690307284769e-05
2.137154231718341e-05,2.4303647395837203e-05,2.261690307284769e-05,2.093015874985819e-05
2.681119470556344e-05,2.261690307284769e-05,2.093015874985819e-05,2.760098019886452e-05
2.4303647395837203e-05,2.093015874985819e-05,2.760098019886452e-05,2.525458489799348e-05
2.261690307284769e-05,2.760098019886452e-05,2.525458489799348e-05,2.64318272952964e-05
2.093015874985819e-05,2.525458489799348e-05,2.64318272952964e-05,2.309237182392584e-05
2.760098019886452e-05,2.64318272952964e-05,2.309237182392584e-05,2.217546749637801e-05
2.525458489799348e-05,2.309237182392584e-05,2.217546749637801e-05,2.337561752276749e-05
2.64318272952964e-05,2.217546749637801e-05,2.337561752276749e-05,2.12911694110186e-05
2.309237182392584e-05,2.337561752276749e-05,2.12911694110186e-05,2.747080179688055e-05
2.217546749637801e-05,2.12911694110186e-05,2.747080179688055e-05,2.361487690905051e-05
2.337561752276749e-05,2.747080179688055e-05,2.361487690905051e-05,2.046108131087914e-05
2.12911694110186e-05,2.361487690905051e-05,2.046108131087914e-05,2.48795699008042e-05
2.747080179688055e-05,2.046108131087914e-05,2.48795699008042e-05,2.246407264768398e-05
2.361487690905051e-05,2.48795699008042e-05,2.246407264768398e-05,1.92067212992697e-05
2.046108131087914e-05,2.246407264768398e-05,1.92067212992697e-05,2.1698474029108183e-05
2.48795699008042e-05,1.92067212992697e-05,2.1698474029108183e-05,2.770145298806408e-05
2.246407264768398e-05,2.1698474029108183e-05,2.770145298806408e-05,2.448295056941182e-05
1.92067212992697e-05,2.770145298806408e-05,2.448295056941182e-05,1.980681372515392e-05
2.1698474029108183e-05,2.448295056941182e-05,1.980681372515392e-05,2.1264448150759563e-05
2.770145298806408e-05,1.980681372515392e-05,2.1264448150759563e-05,2.7264165510132443e-05
2.448295056941182e-05,2.1264448150759563e-05,2.7264165510132443e-05,2.1986673800711287e-05
1.980681372515392e-05,2.7264165510132443e-05,2.1986673800711287e-05,2.141027425750508e-05
2.1264448150759563e-05,2.1986673800711287e-05,2.141027425750508e-05,1.9369115337516024e-05
2.7264165510132443e-05,2.141027425750508e-05,1.9369115337516024e-05,2.7242025983772084e-05
2.1986673800711287e-05,1.9369115337516024e-05,2.7242025983772084e-05,1.2774423036413888e-05
2.141027425750508e-05,2.7242025983772084e-05,1.2774423036413888e-05,2.7733458561366813e-05
1.9369115337516024e-05,1.2774423036413888e-05,2.7733458561366813e-05,2.362643651091881e-05
2.7242025983772084e-05,2.7733458561366813e-05,2.362643651091881e-05,2.0782467791897424e-05
1.2774423036413888e-05,2.362643651091881e-05,2.0782467791897424e-05,1.9750045924281168e-05
2.7733458561366813e-05,2.0782467791897424e-05,1.9750045924281168e-05,2.417176635087041e-05
2.362643651091881e-05,1.9750045924281168e-05,2.417176635087041e-05,2.7458739744664247e-05
2.0782467791897424e-05,2.417176635087041e-05,2.7458739744664247e-05,2.379802041711325e-05
1.9750045924281168e-05,2.7458739744664247e-05,2.379802041711325e-05,3.358064623171231e-05
2.417176635087041e-05,2.379802041711325e-05,3.358064623171231e-05,2.907327386007334e-05
2.7458739744664247e-05,3.358064623171231e-05,2.907327386007334e-05,2.584420562925516e-05
2.379802041711325e-05,2.907327386007334e-05,2.584420562925516e-05,2.6145682568312623e-05
3.358064623171231e-05,2.584420562925516e-05,2.6145682568312623e-05,2.793553070053652e-05
2.907327386007334e-05,2.6145682568312623e-05,2.793553070053652e-05,2.5866775558824884e-05
2.584420562925516e-05,2.793553070053652e-05,2.5866775558824884e-05,3.472884645816521e-05
2.6145682568312623e-05,2.5866775558824884e-05,3.472884645816521e-05,2.743404305268389e-05
2.793553070053652e-05,3.472884645816521e-05,2.743404305268389e-05,3.266737879433398e-05
2.5866775558824884e-05,2.743404305268389e-05,3.266737879433398e-05,2.624068573216694e-05
3.472884645816521e-05,3.266737879433398e-05,2.624068573216694e-05,2.6938571863865945e-05
2.743404305268389e-05,2.624068573216694e-05,2.6938571863865945e-05,2.305412723065577e-05
3.266737879433398e-05,2.6938571863865945e-05,2.305412723065577e-05,2.596380763861816e-05
2.624068573216694e-05,2.305412723065577e-05,2.596380763861816e-05,2.5335369021680283e-05
2.6938571863865945e-05,2.596380763861816e-05,2.5335369021680283e-05,1.7821736112940318e-05
2.305412723065577e-05,2.5335369021680283e-05,1.7821736112940318e-05,1.5838203429060133e-05
2.596380763861816e-05,1.7821736112940318e-05,1.5838203429060133e-05,1.839045792924784e-05
2.5335369021680283e-05,1.5838203429060133e-05,1.839045792924784e-05,1.9805268796820503e-05
1.7821736112940318e-05,1.839045792924784e-05,1.9805268796820503e-05,3.0971487123881365e-05
1.5838203429060133e-05,1.9805268796820503e-05,3.0971487123881365e-05,2.896046817113529e-05
1.839045792924784e-05,3.0971487123881365e-05,2.896046817113529e-05,3.627296321913794e-05
1.9805268796820503e-05,2.896046817113529e-05,3.627296321913794e-05,2.3404845276470747e-05
3.0971487123881365e-05,3.627296321913794e-05,2.3404845276470747e-05,1.1302215170871932e-05
2.896046817113529e-05,2.3404845276470747e-05,1.1302215170871932e-05,2.0336510184885505e-05
3.627296321913794e-05,1.1302215170871932e-05,2.0336510184885505e-05,2.233778119868172e-05
2.3404845276470747e-05,2.0336510184885505e-05,2.233778119868172e-05,2.0989368306345568e-05
1.1302215170871932e-05,2.233778119868172e-05,2.0989368306345568e-05,2.113305292823497e-05
2.0336510184885505e-05,2.0989368306345568e-05,2.113305292823497e-05,2.0918708590519e-05
2.233778119868172e-05,2.113305292823497e-05,2.0918708590519e-05,1.833523917108929e-05
2.0989368306345568e-05,2.0918708590519e-05,1.833523917108929e-05,3.053520201016605e-05
2.113305292823497e-05,1.833523917108929e-05,3.053520201016605e-05,2.931272365458426e-05
2.0918708590519e-05,3.053520201016605e-05,2.931272365458426e-05,3.115464551228797e-05
1.833523917108929e-05,2.931272365458426e-05,3.115464551228797e-05,2.346020152171625e-05
3.053520201016605e-05,3.115464551228797e-05,2.346020152171625e-05,2.3336267856523465e-05
2.931272365458426e-05,2.346020152171625e-05,2.3336267856523465e-05,2.113082841571581e-05
3.115464551228797e-05,2.3336267856523465e-05,2.113082841571581e-05,2.6892294348120533e-05
2.346020152171625e-05,2.113082841571581e-05,2.6892294348120533e-05,2.223354813611964e-05
2.3336267856523465e-05,2.6892294348120533e-05,2.223354813611964e-05,2.0028108695311983e-05
