mean,std,skew,kurtosis,rms,zcr,label
0.03460503,0.1809304,2.0291114765030973,8.9087546831663,0.14784484,0.0330332880434782,buka
0.030874213,0.1471543,1.8707387553729025,7.919638495173666,0.11814023,0.0335381086482558,buka
0.030876227,0.14715542,1.870702367687253,7.919472937302464,0.11814145,0.0336289516715116,buka
0.03336553,0.15632708,1.7923864100808358,7.179305981146889,0.12822741,0.0350244915674603,buka
0.033273786,0.15634015,1.7935816049833602,7.186730494783635,0.12819637,0.0348384796626984,buka
0.033436485,0.15634876,1.7916856403443415,7.174592895361895,0.12827343,0.0352725074404761,buka
0.04185767,0.24555235,0.2785704284164791,2.614379946077892,0.20789158,0.0275971617879746,buka
0.033378027,0.15636367,1.792336459958752,7.178646103771602,0.12825945,0.0351484995039682,buka
0.04178666,0.2455555,0.2787379534925693,2.6158770820892467,0.20786746,0.0274982693829113,buka
0.033056255,0.15616217,1.7955983261305448,7.200135000735655,0.12797394,0.034086681547619,buka
0.033400003,0.15633616,1.7920579097825289,7.177013299852513,0.1282485,0.035094246031746,buka
0.033420127,0.15634392,1.791834839214656,7.175460812210512,0.12826355,0.0352105034722222,buka
0.033089187,0.16000174,1.793125295102146,7.191149372087043,0.130427,0.034899259868421,buka
0.043616343,0.25224268,0.3140178376727901,2.643117878422313,0.21305676,0.0260761916035353,buka
0.04432631,0.25759083,0.2900804637208321,2.6595233824607023,0.21884249,0.0264875856164383,buka
0.044428654,0.25762218,0.2898521788392982,2.657440403125471,0.21890654,0.0267016267123287,buka
0.03295772,0.16001193,1.7946277826095187,7.200127956500355,0.13038237,0.0345737390350877,buka
0.032822818,0.15993494,1.7960746811642665,7.209535743376666,0.1302692,0.0341368558114035,buka
0.032998912,0.15997232,1.7940267092274265,7.1965088369714,0.13036992,0.0345737390350877,buka
0.04425177,0.25756523,0.2902554322051267,2.661014828804542,0.21879376,0.0265946061643835,buka
0.04434253,0.25761884,0.2900728469605356,2.6590240442947053,0.2188718,0.0264875856164383,buka
0.04419578,0.25760147,0.2903231844481608,2.662268126010132,0.21880218,0.0264875856164383,buka
0.044370793,0.25758988,0.2899984121419873,2.6585377402967607,0.2188588,0.0264340753424657,buka
0.033058994,0.15999065,1.7934840931692613,7.192839252522951,0.13040681,0.0347621984649122,buka
0.04362979,0.25223944,0.3139847372698399,2.6428113976397354,0.21305966,0.0261156486742424,buka
0.044196375,0.25753,0.2903608247962442,2.662354138275198,0.21874543,0.0265410958904109,buka
0.042962965,0.25074518,0.2862579167940453,2.787191124634675,0.21238714,0.0260967548076923,buka
0.04300066,0.25072426,0.2862705660048604,2.7860014693253143,0.21238613,0.0260516826923076,buka
0.034512244,0.1574302,1.77700189389943,7.4507538348713,0.12827581,0.0349590594951923,buka
0.043128103,0.25067705,0.2858900936354792,2.78299705058058,0.2123951,0.0260516826923076,buka
0.034510292,0.15748209,1.7770175427882458,7.451277356461343,0.12831086,0.0349496694711538,buka
0.034510292,0.15748209,1.7770175427882458,7.451277356461343,0.12831086,0.0349496694711538,buka
0.034609437,0.15746363,1.7758951135283447,7.44434593049159,0.12834045,0.0356914813701923,buka
0.034580573,0.1574632,1.7762296438022842,7.446248010957912,0.12832819,0.0349590594951923,buka
0.034598403,0.15745631,1.7760392626511754,7.445275182947036,0.12832996,0.0355412409855769,buka
0.043571264,0.25225866,0.3141223552692686,2.6440303684565807,0.213052,0.0259578203914141,buka
0.03465667,0.15746593,1.7753817149285902,7.441426825866959,0.12836127,0.0359168419471153,buka
0.043126486,0.25067785,0.2859234422454285,2.7830678111567018,0.21239553,0.0260516826923076,buka
0.03429247,0.15742898,1.778986709557835,7.4636075088835,0.12818348,0.0339449368990384,buka
0.034636315,0.15745898,1.7755878191473924,7.442732636478773,0.12834743,0.035991962139423,buka
0.034657434,0.1728953,1.7868446824214093,6.981557353459927,0.14102039,0.0338433159722222,buka
0.034394085,0.17292008,1.78963682637259,6.997657694592247,0.14093424,0.0339301215277777,buka
0.04345398,0.25231656,0.292630228398003,2.8316011792913605,0.21537082,0.0268389168432203,buka
0.04421301,0.25194556,0.2912475307241768,2.811493180866746,0.2153649,0.0264002913135593,buka
0.04410703,0.25214323,0.2915717156933145,2.814873992284257,0.21548137,0.0267975370762711,buka
0.034547184,0.17286028,1.7879012120526991,6.987810029318011,0.14095104,0.0336697048611111,buka
0.042617172,0.2522717,0.3157105454124502,2.6657105643640104,0.2126899,0.0251637468434343,buka
0.04437519,0.25199518,0.2909565949967836,2.808042217774986,0.21546377,0.0265327065677966,buka
0.03404423,0.17265642,1.79298371447865,7.019801031242652,0.14059538,0.0332465277777777,buka
0.0346038,0.17285885,1.7873068617737264,6.984470123293768,0.14097266,0.0339952256944444,buka
0.034571446,0.17287748,1.7877356166717029,6.986644436822907,0.14097352,0.0339301215277777,buka
0.04192642,0.2512228,0.2936279265498732,2.872094893094599,0.21385685,0.0253244173728813,buka
0.044401612,0.2519499,0.2909077793067672,2.807357602023989,0.21543775,0.0266651218220339,buka
0.04392946,0.25211155,0.2921144848361288,2.818510886982869,0.21539277,0.0266154661016949,buka
0.044375498,0.2519479,0.2909764204425887,2.80787031040615,0.21542677,0.0265327065677966,buka
0.04562976,0.26232517,0.3259747806194562,2.655528306146038,0.22529635,0.0260815890330188,buka
0.045351066,0.26225328,0.3264481662913941,2.6610974030262358,0.22513962,0.0260815890330188,buka
0.04362979,0.25223944,0.3139847372698399,2.6428113976397354,0.21305966,0.0261156486742424,buka
0.043120287,0.2520451,0.3150206145700324,2.6531918695184817,0.21270971,0.0252870501893939,buka
0.043558612,0.25227672,0.3141410638088888,2.644422523633815,0.21306057,0.0259972774621212,buka
0.04360785,0.25222394,0.3140200198028392,2.6432097831643877,0.21303855,0.025918363320707,buka
0.030823508,0.14715786,1.8714218413865504,7.923532784978546,0.11812005,0.0333110010901162,buka
0.030818123,0.14715515,1.8714155878918184,7.923522800400674,0.11811548,0.0332655795784883,buka
0.030758932,0.14786203,1.8619926587903857,7.825397902867106,0.1188133,0.0324391084558823,buka
0.04194137,0.25197697,0.3169050920307722,2.682570289932836,0.21218029,0.0248826152146464,buka
0.04362979,0.25223944,0.3139847372698399,2.6428113976397354,0.21305966,0.0261156486742424,buka
0.030877218,0.14715439,1.8706988936230644,7.9193392105564175,0.11814147,0.0335835301598837,buka
0.04194137,0.25197697,0.3169050920307722,2.682570289932836,0.21218029,0.0248826152146464,buka
0.030860864,0.1471536,1.8709150961860328,7.920676350814894,0.11813379,0.0335835301598837,buka
0.043581612,0.252247,0.3141089326316642,2.64387198972845,0.21304679,0.0260367345328282,buka
0.030850893,0.14716013,1.8710392273648992,7.92128731995763,0.1181345,0.0334415879360465,buka
0.0,0.0,1.871363714070976,7.923449636290919,0.0,0.0,buka
0.030790122,0.14712375,1.8716882007770528,7.925611952624209,0.11808041,0.0333564226017441,buka
0.04354568,0.25225052,0.3142056409243328,2.644566771751899,0.21303609,0.0259578203914141,buka
0.043532196,0.2521887,0.3142110947903318,2.6446446169662714,0.2129821,0.025918363320707,buka
0.04332601,0.25213388,0.3146900352764727,2.6491357899407277,0.21285811,0.0255237926136363,buka
0.041278377,0.25233027,0.3171130678693409,2.7023676365389626,0.21216713,0.0242956912878787,buka
0.043496497,0.25220853,0.3142906766711388,2.645488688601848,0.2129833,0.0259578203914141,buka
0.030835351,0.14714792,1.8712140813590257,7.922363766684537,0.11811806,0.0334415879360465,buka
0.04333312,0.25213122,0.3145764313822077,2.648596577225187,0.21286009,0.0255237926136363,buka
0.04347283,0.25225973,0.3144136352694152,2.646125230741424,0.21301353,0.02587890625,buka
0.030827887,0.14712557,1.8712038491930263,7.922445800178444,0.11809853,0.0333110010901162,buka
0.043464456,0.25224823,0.314376404121503,2.646239268385145,0.21300192,0.0257999921085858,buka
0.043615658,0.25224912,0.3140152570513469,2.6431360369361645,0.2130619,0.0260761916035353,buka
0.0,0.0,1.092656384537308,5.2830531201316004,0.0,0.0,buka
0.030828198,0.14714134,1.8712975120232695,7.922970203327036,0.118110135,0.0333564226017441,buka
0.0,0.0,1.871553282187671,7.924529764959469,0.0,0.0,buka
0.03077843,0.14711633,1.8718090523520727,7.926089326591901,0.11807035,0.0332655795784883,buka
0.030863015,0.147142,1.870835493493132,7.920163097797499,0.11812655,0.033447265625,buka
0.043571264,0.25225866,0.3141223552692686,2.6440303684565807,0.213052,0.0259578203914141,buka
0.030810948,0.14791791,1.861503818373456,7.82198776559393,0.11887881,0.0325769761029411,buka
0.030855633,0.14715883,1.8709820015486107,7.921021303277868,0.11813524,0.0334870094476744,buka
0.04359587,0.25225416,0.3140625365650774,2.6435405950839828,0.2130578,0.02587890625,buka
0.04355354,0.25220513,0.31413853092648,2.644339927952391,0.2130034,0.0259972774621212,buka
0.039627492,0.2534439,0.3181726116217213,2.7616041836832874,0.21226844,0.023052793560606,buka
0.030857058,0.14788683,1.860999516204255,7.818355683186521,0.11887708,0.0327722886029411,buka
0.043242633,0.2523145,0.3147026342086186,2.651538993195783,0.21296851,0.0254448784722222,buka
0.028591339,0.14626367,1.8926243860680776,8.090699089740264,0.11649021,0.0254308363970588,buka
0.043242633,0.2523145,0.3147026342086186,2.651538993195783,0.21296851,0.0254448784722222,buka
0.043608762,0.2522613,0.3140311157826005,2.643376667605198,0.21306786,0.02587890625,buka
0.043518238,0.25222138,0.3142586037241057,2.644972509666248,0.2130025,0.0259972774621212,buka
0.030805562,0.14712846,1.871574072153646,7.924501507898793,0.11809113,0.0331293150436046,buka
0.043390706,0.252204,0.3144134652344645,2.647875305149471,0.21293963,0.0258394491792929,buka
0.04322926,0.25213802,0.3146992967202313,2.6513067326865576,0.21282287,0.025326507260101,buka
0.0,0.0,0.31472133567682237,2.6506997329189477,0.0,0.0,buka
0.043266118,0.25206622,0.3147433746334134,2.6500927331513378,0.21278264,0.025365964330808,buka
0.03083459,0.14788963,1.8610955643025893,7.819458302095075,0.11886819,0.0327263327205882,buka
0.04360785,0.25222394,0.3140200198028392,2.6432097831643877,0.21303855,0.025918363320707,buka
0.04360963,0.25224572,0.3140340646034857,2.6432959985696334,0.21305633,0.025918363320707,buka
0.043491192,0.25221583,0.3142563502308389,2.6454822002713376,0.21298827,0.0259578203914141,buka
0.042302977,0.25181165,0.3166119771214062,2.671681838619296,0.21219672,0.025005918560606,buka
0.04354568,0.25225052,0.3142056409243328,2.644566771751899,0.21303609,0.0259578203914141,buka
0.030877218,0.14715439,1.8706988936230644,7.9193392105564175,0.11814147,0.0335835301598837,buka
0.030828198,0.14714134,1.8712975120232695,7.922970203327036,0.118110135,0.0333564226017441,buka
0.043446444,0.25229478,0.3144281771448021,2.6468305145965862,0.21303104,0.0257999921085858,buka
0.043616343,0.25224268,0.3140178376727901,2.643117878422313,0.21305676,0.0260761916035353,buka
0.030705707,0.14708135,1.872648020246998,7.931574713692758,0.118012115,0.0328113644622093,buka
0.030852059,0.14715084,1.8709842021335583,7.921160727498192,0.11812801,0.0334926871366279,buka
0.030773468,0.14710902,1.8719225044139869,7.926693889618532,0.118061975,0.0331860919331395,buka
0.0436029,0.252241,0.3140293164643608,2.643377993470173,0.21305011,0.02587890625,buka
0.03077843,0.14711633,1.8718090523520727,7.926089326591901,0.11807035,0.0332655795784883,buka
0.030823508,0.14715786,1.8714218413865504,7.923532784978546,0.11812005,0.0333110010901162,buka
0.04339964,0.2522139,0.3144376683806758,2.647591465816821,0.21294771,0.0257605350378787,buka
0.030747509,0.14713208,1.8722220235624996,7.929249085303823,0.11806713,0.032680777616279,buka
0.043475613,0.2521536,0.3143253934371496,2.645491801618065,0.21293351,0.0259578203914141,buka
0.030832078,0.1478461,1.8610925294366287,7.8194155925297295,0.11883507,0.0326344209558823,buka
0.04355354,0.25220513,0.31413853092648,2.644339927952391,0.2130034,0.0259972774621212,buka
0.030738646,0.14778832,1.8621569450497824,7.827211335689279,0.118749216,0.0323012408088235,buka
0.04360554,0.2522372,0.3140361518503824,2.643285146650255,0.2130488,0.025918363320707,buka
0.043620553,0.25225213,0.3140246881922445,2.6430614479807844,0.213065,0.0260761916035353,buka
0.04350632,0.25221622,0.3142903525624293,2.645270602668715,0.2129937,0.0259972774621212,buka
0.04353839,0.2522718,0.3142118422781723,2.6448207191198705,0.21304952,0.025918363320707,buka
0.04347283,0.25225973,0.3144136352694152,2.646125230741424,0.21301353,0.02587890625,buka
0.0307466,0.14713477,1.8722098700433385,7.929058661788773,0.118068464,0.032680777616279,buka
0.04337916,0.2523322,0.3144936043003998,2.6485602038513347,0.21303475,0.0255632496843434,buka
0.043617498,0.25222296,0.3140006178692397,2.642993721350102,0.21304192,0.0260761916035353,buka
0.042617172,0.2522717,0.3157105454124502,2.6657105643640104,0.2126899,0.0251637468434343,buka
0.040993318,0.24071404,0.3404596182618084,2.647552771779436,0.20326579,0.0261477352528089,buka
0.03463757,0.15854993,1.702322270086391,6.745340959031324,0.13076873,0.0350446428571428,buka
0.043496497,0.25220853,0.3142906766711388,2.645488688601848,0.2129833,0.0259578203914141,buka
0.041185215,0.24086718,0.3400368108127806,2.643768744128713,0.20345949,0.0262355161516853,buka
0.034468777,0.1585167,1.7041656170493085,6.756375264138862,0.13067105,0.0343191964285714,buka
0.034659665,0.15850264,1.701975984124961,6.743201406370501,0.1307424,0.0352120535714285,buka
0.034491144,0.15856601,1.7040472990502995,6.7554952895779845,0.13071533,0.034375,buka
0.034688763,0.15853076,1.7017209466950731,6.741845706540241,0.13077497,0.0351004464285714,buka
0.041307036,0.24086994,0.3397722429587112,2.6410604998301936,0.20350873,0.0268115783005617,buka
0.041320242,0.24087115,0.339777368079057,2.6407995807869336,0.20351458,0.0268993591994382,buka
0.03455517,0.15846676,1.7030336384151237,6.749990060157417,0.13067126,0.0346609933035714,buka
0.033427645,0.15633893,1.7916935831085692,7.174801686298032,0.12826298,0.0351484995039682,buka
0.033158667,0.15626723,1.7948052894750437,7.194069758681039,0.12809676,0.0345904637896825,buka
0.0252882,0.14412506,1.8145568818402813,7.385834495176125,0.12647808,0.057900390625,tutup
0.025819791,0.15409118,1.6282516403584777,6.202760597980795,0.13350545,0.0603284333881578,tutup
0.025760349,0.15353887,1.6363287344497386,6.274334318802685,0.13271081,0.0600161345108695,tutup
0.025391567,0.1526334,1.7294087724293383,6.795991244851841,0.13040684,0.0604689577792553,tutup
0.025577307,0.15267356,1.7268474988174018,6.781019016455998,0.13050544,0.0606351811835106,tutup
0.0253744,0.14034094,2.4256892201584352,10.216041805328006,0.11855406,0.0564303927951388,tutup
0.025561918,0.15266149,1.7270438729368214,6.78215346246142,0.13049023,0.0605105136303191,tutup
0.025371512,0.14034854,2.425794196834348,10.216611334224847,0.11855895,0.0563761393229166,tutup
0.025273995,0.14032222,2.427382760318153,10.226574527525583,0.11850265,0.0563761393229166,tutup
0.025268216,0.14033446,2.427504470055626,10.226973004321133,0.11851091,0.0564439561631944,tutup
0.025341753,0.1403401,2.426260396847486,10.219540361721076,0.11854117,0.0565931532118055,tutup
0.025581243,0.15267383,1.7267861818672312,6.780676833229492,0.13050717,0.0606767370345744,tutup
0.02553995,0.15064403,1.717912336205351,6.671714620810022,0.13011761,0.0589657738095238,tutup
0.0256886,0.15350664,1.6371610154432308,6.2794262969261005,0.13265973,0.0600161345108695,tutup
0.026950404,0.14735383,2.3416004063023674,9.601951747155727,0.12542287,0.0551300048828125,tutup
0.025627915,0.15069136,1.716676924085648,6.664126137978206,0.13018677,0.0591517857142857,tutup
0.026946086,0.14734021,2.341672218773037,9.602078318785148,0.12541088,0.0551300048828125,tutup
0.026812837,0.14726758,2.343611130938301,9.613900429317006,0.12530479,0.0547027587890625,tutup
0.026898092,0.14730987,2.34228557655098,9.606391933554908,0.12536857,0.055023193359375,tutup
0.027032172,0.14735332,2.3401967476429237,9.59357822853238,0.12545282,0.0550994873046875,tutup
0.025288127,0.15060723,1.721755141826072,6.695075406234022,0.12999883,0.0588204520089285,tutup
0.025102636,0.1504826,1.7243391752994643,6.711047405348822,0.12983453,0.0592447916666666,tutup
0.025691489,0.15073669,1.7158799646347829,6.659611916334525,0.13024539,0.0591052827380952,tutup
0.02703415,0.14735776,2.3401819707020177,9.593465744173471,0.1254569,0.0550994873046875,tutup
0.025763609,0.15353346,1.6362838439015768,6.274023724531302,0.13270792,0.0601180366847826,tutup
0.026974399,0.14732689,2.341086750430557,9.598800578612392,0.1254107,0.0549163818359375,tutup
0.025224732,0.15104116,1.711390705734867,6.723015845210076,0.1310504,0.0604413006756756,tutup
0.02735422,0.14456436,2.4453893174794468,10.174072787161428,0.12304924,0.0573309536637931,tutup
0.027334569,0.1445564,2.4457291499100875,10.176110725312183,0.123034485,0.0571625808189655,tutup
0.025028827,0.1509417,1.7140709821993765,6.739414158055526,0.13090515,0.0600717905405405,tutup
0.02729939,0.14455432,2.446325763250208,10.179561003504675,0.12301931,0.0574319773706896,tutup
0.02738467,0.14459203,2.444959815755888,10.171251401470016,0.123081654,0.0573141163793103,tutup
0.02738467,0.14459203,2.444959815755888,10.171251401470016,0.123081654,0.0573141163793103,tutup
0.027390327,0.14459023,2.444883549046931,10.17093265378296,0.12308249,0.0573646282327586,tutup
0.025310995,0.15107335,1.709983940996893,6.7147049029851615,0.13110621,0.060718433277027,tutup
0.027637135,0.14859256,2.3340672765201957,9.624704069748129,0.12643953,0.0580295138888888,tutup
0.025360076,0.15107705,1.709343831986748,6.710903004874464,0.13112442,0.0610219594594594,tutup
0.027365273,0.1445742,2.445315808749008,10.173491271707675,0.12306006,0.0573141163793103,tutup
0.02537208,0.1510852,1.7092216524735098,6.710155473418649,0.13113484,0.06103515625,tutup
0.027398946,0.14458697,2.444717240143718,10.169694564778965,0.12308366,0.0574993265086206,tutup
0.027878346,0.14376332,2.35358439547392,9.753959401079165,0.12400054,0.0538048377403846,tutup
0.025161795,0.14584905,1.7906528451514585,7.081964583378355,0.12619191,0.0608238106343283,tutup
0.027650323,0.14380182,2.357722437128371,9.77876939520805,0.12394667,0.0533165564903846,tutup
0.025144584,0.1458643,1.790851415321998,7.084588900818741,0.12619777,0.0609258395522388,tutup
0.02788218,0.14375718,2.353478367610801,9.753214757377048,0.123996966,0.0538799579326923,tutup
0.027824707,0.14376397,2.3544317644113835,9.758994626299232,0.12398227,0.0540301983173076,tutup
0.02782766,0.14866327,2.3310468602469587,9.607029996584854,0.12656818,0.058203125,tutup
0.027867198,0.14375989,2.3537475531076173,9.7549108857572,0.1239936,0.0536733774038461,tutup
0.027897714,0.14377108,2.3532189572177677,9.751853350486256,0.124013394,0.053955078125,tutup
0.025303785,0.14586318,1.7884352835382835,7.068987345733479,0.12625246,0.0611590485074626,tutup
0.025369378,0.14587097,1.7874373127320322,7.063493973494476,0.12628107,0.0609258395522388,tutup
0.027793178,0.14376481,2.354998293558117,9.76242387133641,0.123971105,0.0537484975961538,tutup
0.025253043,0.14584544,1.7890819753463991,7.073569044381367,0.12622197,0.0609404151119402,tutup
0.025303785,0.14586318,1.7884352835382835,7.068987345733479,0.12625246,0.0611590485074626,tutup
0.025392385,0.1458915,1.787132580924871,7.061614215108085,0.1263054,0.0609258395522388,tutup
0.02598074,0.14978196,1.7673644458179043,7.016699554096004,0.1297635,0.0588418929303278,tutup
0.024676647,0.136808,2.407723774470165,9.961269670799147,0.11871905,0.0548785665760869,tutup
0.025666947,0.15349303,1.6374285972055431,6.281225628318143,0.13264136,0.0600161345108695,tutup
0.025717877,0.15352294,1.63689527791012,6.277531098654142,0.13268323,0.0600501019021739,tutup
0.027491739,0.14858302,2.336543598892012,9.63936245836389,0.12637559,0.0577256944444444,tutup
0.02759456,0.14868058,2.3350535302255078,9.630497176438132,0.12649179,0.0578396267361111,tutup
0.02578009,0.15353727,1.6360548199275948,6.272727355608938,0.13271645,0.0600840692934782,tutup
0.025739642,0.15352887,1.6365946038256405,6.27598651416873,0.13269553,0.0600840692934782,tutup
0.027834328,0.14866304,2.330940978477444,9.606432689120656,0.12657036,0.0582465277777777,tutup
0.027832972,0.14866269,2.330939764154746,9.606381986371307,0.12656966,0.0582465277777777,tutup
0.02776086,0.14867373,2.332166359877563,9.613540835371724,0.12655032,0.0580837673611111,tutup
0.025477372,0.15403524,1.6325340667317545,6.230096761672545,0.13334146,0.0599857798793859,tutup
0.027766177,0.14865065,2.332002003914312,9.612734011432622,0.12653445,0.0581759982638888,tutup
0.027801277,0.14866126,2.3314457861526976,9.609481169119826,0.12655672,0.058203125,tutup
0.025755256,0.15352088,1.6363483348197594,6.274509030291741,0.13269451,0.0600161345108695,tutup
0.02776086,0.14867373,2.332166359877563,9.613540835371724,0.12655032,0.0580837673611111,tutup
0.027491739,0.14858302,2.336543598892012,9.63936245836389,0.12637559,0.0577256944444444,tutup
0.025819791,0.15409118,1.6282516403584777,6.202760597980795,0.13350545,0.0603284333881578,tutup
0.027624944,0.1485868,2.334183452082204,9.62559588337009,0.12642942,0.0579806857638888,tutup
0.027791157,0.14867026,2.3316584181799693,9.610648780134737,0.12655975,0.0582465277777777,tutup
0.02574348,0.1541824,1.629476798966005,6.210255325872673,0.13355316,0.0602256373355263,tutup
0.027748996,0.14867362,2.332420904126548,9.615098107795127,0.1265463,0.0581651475694444,tutup
0.025760127,0.1535249,1.6363014489886445,6.274207759630675,0.1326995,0.0600840692934782,tutup
0.025754731,0.15352595,1.636387118167028,6.274686968155855,0.13269845,0.0599821671195652,tutup
0.02777034,0.14864089,2.331932583629857,9.61215167074109,0.12652868,0.0581163194444444,tutup
0.027777543,0.1486303,2.331748855248994,9.611147762665835,0.126523,0.05830078125,tutup
0.025747426,0.1541742,1.6293687297474948,6.209511727651647,0.13354778,0.060362698739035,tutup
0.027623752,0.148666,2.334597903155605,9.627920670596314,0.12649173,0.0580295138888888,tutup
0.027828345,0.14866182,2.331016430624341,9.60685923814371,0.12656687,0.0582465277777777,tutup
0.02560806,0.15407461,1.6311269777035646,6.220091528486034,0.1334191,0.0599172491776315,tutup
0.025718678,0.15414797,1.6297344745654625,6.211786095042285,0.13351768,0.0600885759320175,tutup
0.02573032,0.15414225,1.6296937767214756,6.211114633746144,0.13351582,0.0602256373355263,tutup
0.027803263,0.14866492,2.33143195870932,9.609296974039909,0.12656003,0.0582139756944444,tutup
0.02567033,0.15347722,1.6375015226644614,6.280931924887616,0.13262992,0.0600161345108695,tutup
0.027809137,0.14864756,2.3313123285206374,9.608617760776378,0.1265489,0.0582465277777777,tutup
0.027736356,0.14862643,2.332471380110801,9.615541899155415,0.12650396,0.0581163194444444,tutup
0.025816599,0.15414043,1.6285121817495392,6.204228529575538,0.13354325,0.0603284333881578,tutup
0.027805634,0.14865848,2.3313974749692323,9.609114427124744,0.1265559,0.0581271701388888,tutup
0.02578422,0.15354273,1.6359993788740397,6.272447377492449,0.13272241,0.0600840692934782,tutup
0.02582748,0.15410504,1.6282864374963677,6.202855564633167,0.1335184,0.0603284333881578,tutup
0.02780886,0.14865363,2.3313519115313706,9.60888231335994,0.12655349,0.058203125,tutup
0.025682375,0.1540978,1.6300396686220906,6.213733045168478,0.13346398,0.0601228412828947,tutup
0.027833821,0.14866517,2.330933479082664,9.606297478847427,0.12657194,0.0582465277777777,tutup
0.025783636,0.15411906,1.6289075025685735,6.206212762715557,0.13351505,0.0603284333881578,tutup
0.025825882,0.15416975,1.628444590779155,6.203507392727019,0.13357195,0.0603284333881578,tutup
0.027623946,0.14863355,2.33416845590612,9.626127681272497,0.12646723,0.0579915364583333,tutup
0.025717927,0.15350947,1.6368434903064064,6.277309633782853,0.13267234,0.0599821671195652,tutup
0.027685232,0.14863725,2.3333266862155413,9.620314230507432,0.1264934,0.0581163194444444,tutup
0.025774416,0.15355144,1.6361547049452392,6.273280459497055,0.13272607,0.0601180366847826,tutup
0.027834399,0.14866063,2.3309203621469576,9.606315738953109,0.12656859,0.0582465277777777,tutup
0.02575122,0.15412588,1.6292823070115767,6.208932770678384,0.1335095,0.0602941680372807,tutup
0.027581925,0.14863385,2.3349715561534765,9.630676778502783,0.1264504,0.0578721788194444,tutup
0.027833821,0.14866517,2.330933479082664,9.606297478847427,0.12657194,0.0582465277777777,tutup
0.02573032,0.15414225,1.6296937767214756,6.211114633746144,0.13351582,0.0602256373355263,tutup
0.025777508,0.15354437,1.6360981152193184,6.272993672024571,0.13272128,0.0601180366847826,tutup
0.027797535,0.14865819,2.3315227276650026,9.60992636333792,0.12655282,0.0582628038194444,tutup
0.027623752,0.148666,2.334597903155605,9.627920670596314,0.12649173,0.0580295138888888,tutup
0.025746163,0.15353477,1.636509375876293,6.275441186859981,0.13270271,0.0600840692934782,tutup
0.02573032,0.15414225,1.6296937767214756,6.211114633746144,0.13351582,0.0602256373355263,tutup
0.02783101,0.148661,2.3309668874367806,9.60664206616016,0.12656745,0.0582465277777777,tutup
0.027799092,0.14866112,2.331486559284901,9.609656422230852,0.12655552,0.0582465277777777,tutup
0.027794292,0.14865102,2.331558050159289,9.60995852433601,0.12654579,0.0582465277777777,tutup
0.027821291,0.14865279,2.3311206396888005,9.60741130837246,0.12655762,0.058203125,tutup
0.027642997,0.14857198,2.33370552523805,9.623203697170927,0.12642643,0.0580891927083333,tutup
0.027642997,0.14857198,2.33370552523805,9.623203697170927,0.12642643,0.0580891927083333,tutup
0.025772054,0.15354171,1.636191083514878,6.273536830044138,0.13271712,0.0601520040760869,tutup
0.02741837,0.14848419,2.337482109150866,9.645457877027535,0.12627228,0.0574652777777777,tutup
0.027702155,0.1486757,2.333158486259171,9.619580319719155,0.12652951,0.0579915364583333,tutup
0.027786957,0.14865887,2.3316866381588097,9.610958234789605,0.126549,0.0582573784722222,tutup
0.02573032,0.15414225,1.6296937767214756,6.211114633746144,0.13351582,0.0602256373355263,tutup
0.025772795,0.15410504,1.628969964516402,6.20699378799598,0.13349932,0.060362698739035,tutup
0.025760127,0.1535249,1.6363014489886445,6.274207759630675,0.1326995,0.0600840692934782,tutup
0.027638532,0.14858612,2.3339896425646303,9.624587626466129,0.12643449,0.0580891927083333,tutup
0.025747426,0.1541742,1.6293687297474948,6.209511727651647,0.13354778,0.060362698739035,tutup
0.027718408,0.14868516,2.332891735239038,9.61782893828819,0.1265426,0.0581488715277777,tutup
0.027821124,0.14866732,2.331155658099457,9.607702799781023,0.12656906,0.0582465277777777,tutup
0.025808774,0.15417302,1.628680885403065,6.20528559736489,0.13356787,0.0603284333881578,tutup
0.02496303,0.15370448,1.6390439472801053,6.269850019355362,0.13289826,0.0593604372258771,tutup
0.025739642,0.15352887,1.6365946038256405,6.27598651416873,0.13269553,0.0600840692934782,tutup
0.027791157,0.14867026,2.3316584181799693,9.610648780134737,0.12655975,0.0582465277777777,tutup
0.027638532,0.14858612,2.3339896425646303,9.624587626466129,0.12643449,0.0580891927083333,tutup
0.02575122,0.15412588,1.6292823070115767,6.208932770678384,0.1335095,0.0602941680372807,tutup
0.02530316,0.14886206,1.633354291246606,6.250828330301486,0.12913476,0.0606919090346534,tutup
0.025241956,0.1488377,1.634196993912938,6.255856222330491,0.12909323,0.0606483988242574,tutup
0.025739642,0.15352887,1.6365946038256405,6.27598651416873,0.13269553,0.0600840692934782,tutup
0.026215155,0.14238414,2.3525769770475518,9.689216243682855,0.12065928,0.054815673828125,tutup
0.02507499,0.14883007,1.6365574012088753,6.2698760113468825,0.12902816,0.0607257503094059,tutup
0.026199797,0.14236355,2.35280444655053,9.69057172126001,0.12063615,0.054620361328125,tutup
0.024969313,0.14870071,1.6378755532740714,6.277811620290372,0.12888846,0.0606387298886138,tutup
0.025187328,0.14886594,1.6349922008401072,6.260537482444708,0.12909651,0.0604936958539603,tutup
0.02624714,0.1423794,2.352063462789477,9.686088802915288,0.12066736,0.054632568359375,tutup
0.026165709,0.14237279,2.353548817951244,9.695171320732866,0.12062963,0.054766845703125,tutup
0.026195133,0.14234121,2.352826187992753,9.690606513178976,0.12061709,0.054669189453125,tutup
0.025334815,0.15259816,1.7302672976305231,6.801910848073822,0.13035703,0.0605105136303191,tutup
0.025388712,0.14034879,2.425440712651781,10.214405386815134,0.1185659,0.0564846462673611,tutup
0.045591533,0.26231217,0.3260678074357824,2.656229994166913,0.22527218,0.0263026975235849,buka
0.03683895,0.16602632,1.7299366773415157,7.0286228884379724,0.13585147,0.03470458984375,buka
0.036572427,0.16599527,1.732588354070907,7.043739452655339,0.13571748,0.0345947265625,buka
0.045414403,0.2623661,0.3264412068260327,2.66005073170793,0.22525421,0.0263026975235849,buka
0.04552301,0.26234096,0.3261895118692561,2.657798330834404,0.22527115,0.0262289946933962,buka
0.045304757,0.26259476,0.3268071748626602,2.663731965186053,0.225394,0.025989460495283,buka
0.04567808,0.262341,0.3258344917866753,2.654673454271002,0.22532532,0.0260815890330188,buka
0.045615193,0.26232305,0.3259833137795949,2.655811482829254,0.22528937,0.0262289946933962,buka
0.03686357,0.16604611,1.729721435675468,7.027406282488647,0.13587587,0.03460693359375,buka
0.04375966,0.26156333,0.3286552884331813,2.696312447403569,0.22400571,0.0247733637971698,buka
0.04556989,0.2623023,0.3261009531371994,2.6566186385548747,0.22525735,0.0265238060141509,buka
0.045607567,0.26233426,0.3259900351680069,2.655961744376544,0.22529681,0.0262289946933962,buka
0.045488425,0.26223037,0.3261918662697285,2.657999985226198,0.22517112,0.0263026975235849,buka
0.036805924,0.16601893,1.7302026698948385,7.030086780212804,0.13583228,0.0349853515625,buka
0.03635682,0.16603029,1.7346617988139414,7.056784037180911,0.13564885,0.03392333984375,buka
0.031408682,0.171009,1.717064751281821,6.844792514572513,0.13763686,0.033862964527027,buka
0.03130357,0.17100403,1.718241089765115,6.850856219514609,0.13759471,0.0334406672297297,buka
0.04612428,0.26402482,0.2786869852747043,2.9488628698452777,0.22465457,0.0281473795572916,buka
0.031286746,0.17103355,1.7183985875167878,6.851923444629447,0.13761081,0.0336386190878378,buka
0.04596727,0.2639607,0.2790388269363593,2.951919470340176,0.22454707,0.028167724609375,buka
0.045904804,0.26411298,0.2792442385020581,2.953872019249453,0.22464474,0.0280049641927083,buka
0.046037767,0.26403645,0.2788954078600427,2.950546167879443,0.22463429,0.028228759765625,buka
0.045751445,0.2640917,0.2795789089155091,2.9569873319574924,0.22457142,0.0278422037760416,buka
0.045993395,0.26407593,0.2790295930248196,2.9515514837523904,0.22464986,0.0280049641927083,buka
0.031142417,0.1710554,1.719736252405758,6.861081575716193,0.13756995,0.0330183699324324,buka
0.031295545,0.17102624,1.7182216040745852,6.851089398312473,0.13760959,0.033546241554054,buka
0.046060286,0.26406604,0.2788688976342878,2.9502917319876465,0.22466429,0.028228759765625,buka
0.03140012,0.17102253,1.717140504588603,6.845114785224613,0.13764465,0.0339685388513513,buka
0.045851987,0.2639554,0.2791896664133632,2.954237780130047,0.22450267,0.0278422037760416,buka
0.031239351,0.17095272,1.7186225837967497,6.854478213442718,0.13753247,0.0336518158783783,buka
0.03137841,0.17099395,1.7173566131250912,6.8461418262515465,0.13761514,0.0339685388513513,buka
0.046085805,0.26401442,0.2787719421102025,2.949605427490864,0.22463249,0.0281473795572916,buka
0.04344664,0.26343346,0.2823182196005148,3.017741806006497,0.22312784,0.025848388671875,buka
0.034364942,0.17469136,1.7576656976450298,7.263966792943551,0.1408712,0.0367359834558823,buka
0.034337025,0.17477663,1.758105432590913,7.267904726802014,0.14091723,0.0368221507352941,buka
0.034621432,0.17731337,1.7282808803412837,6.983160172139472,0.14418975,0.0346531723484848,buka
0.034476683,0.17472292,1.756663548366569,7.258770586721864,0.14093421,0.0373104319852941,buka
0.043124698,0.24497534,0.3159443632661151,3.0670286165497678,0.21011643,0.0256177325581395,buka
0.043146763,0.24496399,0.3158987349746822,3.066524431588827,0.21011515,0.0255950218023255,buka
0.043081384,0.24499011,0.3160416583614002,3.068129963983555,0.21011339,0.0257085755813953,buka
0.042809922,0.24488214,0.3166147165897356,3.074505387329471,0.20992991,0.0256404433139534,buka
0.04302611,0.24494413,0.3160856624455343,3.069305993458519,0.2100569,0.0256858648255813,buka
0.043138765,0.24496278,0.3158883670911072,3.0666858604707405,0.21011108,0.0256858648255813,buka
0.04297325,0.24493034,0.3163561632524352,3.070607740370799,0.21002765,0.0255496002906976,buka
0.0431225,0.24495177,0.3159882133011432,3.0670864919105414,0.21009712,0.0256177325581395,buka
0.042691182,0.24500026,0.3169809343608224,3.077773230505029,0.20998023,0.0256404433139534,buka
0.04314595,0.24495769,0.3158695801202628,3.066576975904212,0.21010956,0.0256177325581395,buka
0.03434544,0.17463502,1.7579439433551938,7.266087774185296,0.14082032,0.0367072610294117,buka
0.04244415,0.24473837,0.3176448194220323,3.0831864028494493,0.2096847,0.0254587572674418,buka
0.043094687,0.2449532,0.316063220332288,3.067502344835585,0.21008882,0.0257767078488372,buka
0.024588358,0.13676174,2.409092789932158,9.969736526204674,0.11865269,0.0548361073369565,tutup
0.02591907,0.1497561,1.768224852227091,7.021792395690401,0.12972222,0.0588418929303278,tutup
0.024604341,0.13679989,2.409027532437367,9.969215724639394,0.11868916,0.0548997961956521,tutup
0.02568933,0.14973302,1.7717934162713502,7.042380190888597,0.12962371,0.058713819159836,tutup
0.024530405,0.13671744,2.410124557186302,9.976601758962506,0.11859765,0.0549210258152173,tutup
0.024404611,0.13676141,2.4124514967391497,9.9905605485404,0.118590325,0.0546875,tutup
0.025384713,0.14963579,1.7760638295441635,7.069283506023433,0.12944046,0.0584176485655737,tutup
0.024721034,0.13681762,2.4069261772672013,9.956415867334142,0.11874135,0.0548679517663043,tutup
0.025803769,0.14971541,1.7697928913146888,7.031166921659677,0.1296507,0.0589059298155737,tutup
0.025026115,0.14962608,1.7818311966906866,7.107120321283613,0.1293039,0.0578493212090164,tutup
0.025973707,0.14977832,1.7674345922353658,7.017226658553364,0.1297583,0.0588418929303278,tutup
0.024685314,0.13680577,2.4075581415046248,9.960151124150071,0.118720435,0.0548679517663043,tutup
0.024634428,0.13679193,2.408497307827168,9.965347944060598,0.11869243,0.0547724184782608,tutup
0.024706554,0.1368128,2.4071787409473315,9.958015820928486,0.11873293,0.0548679517663043,tutup
0.024591338,0.14963739,1.7888358490585323,7.152829678602743,0.12916277,0.0578493212090164,tutup
0.027285945,0.13801989,2.378379847799176,10.1174732481541,0.12014753,0.0514362614329268,tutup
0.027224952,0.1379849,2.379488694423032,10.12404161470177,0.12009828,0.0514362614329268,tutup
0.025437726,0.144993,1.78632621906247,7.244252043050908,0.12689568,0.0553385416666666,tutup
0.027232042,0.13797303,2.37940821885385,10.123106159464026,0.12009034,0.0513409870426829,tutup
0.027242666,0.13798748,2.3790896346003434,10.122093583104895,0.120106205,0.051245712652439,tutup
0.027207568,0.13797198,2.379558266125779,10.1247481103273,0.12008215,0.0511504382621951,tutup
0.02554937,0.14499554,1.7848078365210127,7.234055744947376,0.1269349,0.0556911892361111,tutup
0.027324293,0.13802966,2.3777340464369523,10.113532510218551,0.1201695,0.0515315358231707,tutup
0.025707422,0.14506172,1.7824684638371688,7.220505171237971,0.12704131,0.055908203125,tutup
0.027113419,0.13797978,2.381403368072238,10.13705738210628,0.12005308,0.0510551638719512,tutup
0.027288219,0.13800934,2.3783228598049693,10.1169100916825,0.12014024,0.0516268102134146,tutup
0.025600152,0.14501582,1.7841750879388332,7.230911096711301,0.12696682,0.0556278935185185,tutup
0.02709439,0.13797256,2.381728433709474,10.13745035543964,0.12004085,0.0511504382621951,tutup
0.027333522,0.13803443,2.3776215742456297,10.112951258122548,0.12017617,0.0515315358231707,tutup
0.027321775,0.13802835,2.377817630995801,10.113963248364428,0.12016715,0.0516268102134146,tutup
0.025709376,0.14505929,1.7823934022802197,7.22001832107186,0.12704012,0.055835865162037,tutup
0.027276462,0.137995,2.378520047519426,10.11822212172912,0.12012385,0.0514362614329268,tutup
0.027259102,0.13798136,2.3787908614688558,10.11974630740983,0.12010624,0.0514362614329268,tutup
0.025326975,0.14416581,1.8139329566186064,7.382242174743094,0.12652455,0.057685546875,tutup
0.02671097,0.14393045,2.352106215762578,9.61313268659711,0.124389045,0.0522589432565789,tutup
0.026652751,0.14390801,2.3530278907179096,9.618624624012384,0.12435132,0.0521561472039473,tutup
0.025377696,0.14419281,1.813190473688156,7.377723209262687,0.12656327,0.057841796875,tutup
0.025216555,0.1441533,1.8159098777819704,7.394070843549096,0.12647627,0.057763671875,tutup
0.025375353,0.14419515,1.8132434565647115,7.37798292899884,0.12656471,0.057763671875,tutup
0.025371512,0.14418224,1.8132652674294003,7.378142611840193,0.12655285,0.057900390625,tutup
0.025202977,0.14414749,1.8159374779315027,7.394055818710928,0.12646826,0.057685546875,tutup
0.025268905,0.14415342,1.8147635350810696,7.387243530682852,0.12649591,0.057802734375,tutup
0.025132233,0.14414412,1.8170635839195024,7.400875532918004,0.12644123,0.057392578125,tutup
0.026596468,0.14390531,2.3538057724254204,9.623393345690635,0.12433041,0.0520533511513157,tutup
0.025317688,0.1441918,1.8141989040137447,7.383404516301628,0.1265429,0.057763671875,tutup
0.025341813,0.14418246,1.8137673316941385,7.381161052529093,0.12654322,0.057939453125,tutup
0.026718158,0.1439388,2.352002011609164,9.612597203883322,0.12439798,0.0523617393092105,tutup
0.026622785,0.14390995,2.3536073210009856,9.622107516986857,0.124342956,0.0520533511513157,tutup
0.026684944,0.14392632,2.352527291394435,9.615842094702002,0.124377266,0.0522589432565789,tutup
0.0252882,0.14412506,1.8145568818402813,7.385834495176125,0.12647808,0.057900390625,tutup
