mean,std,var,skew,kurtosis,rms,zcr,energy_mean,energy_std,amplitude_range,spec_centroid_mean,spec_centroid_std,spec_bandwidth_mean,spec_bandwidth_std,spec_contrast_mean,spec_contrast_std,spec_rolloff_mean,spec_rolloff_std,spec_flatness_mean,spec_flatness_std,chroma_mean,chroma_std,mfcc1_mean,mfcc2_mean,mfcc3_mean,mfcc4_mean,mfcc5_mean,mfcc1_std,mfcc2_std,mfcc3_std,mfcc4_std,mfcc5_std,duration,tempo,onset_rate,autocorr_lag,envelope_mean,envelope_std,label
-0.0042833406,0.10505669,0.011036908,-0.6935339419010913,9.94246985398279,0.105143964,0.02527115192819149,0.011055253,0.03337446,1.8313904,600.5326985780272,451.5897889585914,968.033746909984,635.068095466662,18.422253777391795,5.486386027843471,1123.9195478723404,946.3358006147331,0.2787526,0.4460046,0.3381253,0.34634167,-335.01526,92.02748,6.804273,17.95919,7.266486,150.61948,60.586548,20.40431,18.146652,8.8720045,3.0,110.29411764705883,1.1804322,1,1.1804322,2.4776924,Buka
-0.0014088668,0.14528257,0.021107025,-0.02219182003642278,8.07534091005403,0.1452894,0.03272523271276596,0.021109011,0.056220423,1.7532349,656.7024633540666,499.0706873186869,878.1110966185917,548.0562453854573,19.620653730693544,5.977643111574575,1212.4335106382978,976.0312894281931,0.25692537,0.43510693,0.29842275,0.3425257,-301.63214,95.202354,0.7113518,15.132464,6.644242,137.12045,59.64741,26.33562,18.604534,16.944513,3.0,104.16666666666667,1.1309546,1,1.1309546,2.3128948,Buka
-0.0035563952,0.069243506,0.0047946633,0.13709078755381568,27.15820899274368,0.06933478,0.02205576795212766,0.0048073116,0.025061864,1.7619019,549.4636145310876,554.2307652845469,791.6638956653491,765.2563782280382,16.41559230976637,5.490946628067979,1100.0664893617022,1176.4931590643334,0.4706661,0.49658918,0.2676883,0.32766694,-416.15353,64.40626,-3.0680902,12.272684,10.889211,183.02089,62.269283,14.984013,19.094227,14.105704,3.0,93.75,0.98095506,1,0.98095506,2.2537076,Buka
-0.0029817752,0.09028718,0.008151774,-0.06538993831800731,14.86278718917094,0.0903364,0.025546459441489363,0.008160665,0.030609304,1.7457886,510.64105712173335,447.8550339859423,763.385833163794,624.8515198895396,16.26830405863132,5.527825695272397,1013.3809840425532,959.468490925515,0.37401584,0.48215377,0.2661562,0.32442468,-378.7237,88.6378,1.8958279,21.685928,2.3271286,170.28459,72.15617,17.208334,21.125862,12.650901,3.0,144.23076923076923,1.0381006,1,1.0381006,2.0785024,Buka
-0.0010618515,0.094078325,0.008850731,0.3010226751689341,14.986005690521537,0.094084315,0.02026886635638298,0.008851858,0.03331006,1.9993896,473.6614349684145,477.8134420660457,665.5990401429159,637.553670480184,18.508858523137963,5.6605933564242035,769.8636968085107,822.3179204525688,0.46896803,0.49815977,0.16679251,0.2721867,-403.56573,71.04912,1.5605985,-0.51389307,-8.053317,168.18425,67.928696,12.567668,14.353314,19.858788,3.0,208.33333333333334,0.9486973,1,0.9486973,2.2202165,Buka
-0.005512803,0.061701998,0.0038071368,0.7205318320477367,30.8177709148028,0.06194778,0.040350731382978726,0.0038375277,0.021441076,1.697937,753.0666436637879,686.5249091210349,948.7893207944334,737.5332450392452,18.185158109061344,5.689350365612593,1648.7699468085107,1554.5843022846882,0.3443767,0.47107366,0.35743144,0.35501313,-389.09766,76.66314,-2.3095841,23.356232,-6.9221478,164.88509,64.21216,17.149162,22.11781,14.008948,3.0,117.1875,1.0834103,1,1.0834103,1.7788073,Buka
-0.0056250794,0.06604683,0.0043621836,0.18106749969184935,28.385806287527565,0.06628593,0.026060713098404256,0.0043938244,0.023428079,1.796814,715.3151137632954,522.1579723310115,1091.4545777162573,733.1632588319899,17.79142848641263,5.483072023341111,1638.464095744681,1255.240326809697,0.2897238,0.45090348,0.33321944,0.3228696,-362.8201,82.61862,4.6363077,24.336908,4.9966536,170.99551,55.4517,12.795796,20.211712,8.659524,3.0,75.0,1.1345057,1,1.1345057,2.2600565,Buka
-0.0012432245,0.1094994,0.011990119,0.08810718003079791,9.250440673939055,0.10950646,0.02957737699468085,0.011991665,0.034566697,1.8123474,712.765741380609,643.3913513338815,929.4338961236375,719.0533194077748,18.853247070996055,6.071769412430619,1391.5392287234042,1372.9688063645158,0.33291453,0.46798635,0.24612857,0.32151824,-358.67935,77.11876,-0.44024178,10.915809,1.6532851,153.51875,59.824135,25.203043,19.302832,13.453165,3.0,104.16666666666667,1.1196252,1,1.1196252,2.722138,Buka
-0.0050421976,0.0878382,0.0077155503,0.04932689947837349,17.852882039169423,0.087982796,0.02359852892287234,0.007740973,0.031956367,1.6732788,541.4758588647641,515.3622554226115,717.3924842226342,654.4797814214135,15.93487887747391,6.124293141032199,1130.8178191489362,1092.1477008797235,0.43807295,0.49425218,0.32009837,0.34536037,-359.77908,74.93222,-11.013818,17.500967,0.9661598,177.57732,70.54241,17.70994,18.47095,11.2276535,3.0,110.29411764705883,0.98317605,1,0.98317605,1.9909933,Buka
-0.0015579497,0.08102302,0.00656473,0.22010649699815152,25.699854806538415,0.081038,0.039862450132978726,0.0065671573,0.033007417,1.9873962,685.5458797319253,697.3834165061511,922.8741754919919,859.4935981920605,16.821170866362785,6.4900971300549495,1515.126329787234,1780.1895758212363,0.41768166,0.49037018,0.3176536,0.35423794,-379.0264,70.27097,2.1951427,6.8634944,-1.8419491,181.19218,63.347393,16.918354,17.211937,14.946668,3.0,78.125,1.0483748,1,1.0483748,2.2045317,Buka
-0.0035258203,0.09512116,0.009048035,-0.5845170974353471,11.581784863132878,0.09518649,0.026865857712765957,0.009060468,0.029756231,1.7835388,585.4611437658884,450.6199047339337,882.6048568669854,622.4505736269714,18.214947472956226,4.886052570326401,1212.3503989361702,1071.7353503803201,0.2888259,0.4514737,0.34261593,0.3506549,-364.0069,95.24838,2.332185,19.98058,1.4093543,137.53633,66.50896,17.413177,19.326202,6.527869,3.0,93.75,1.0846211,1,1.0846211,1.9500886,Buka
-0.0023714397,0.08524599,0.007266878,0.5045478444765736,16.24552940996969,0.085278966,0.032262923869680854,0.0072725024,0.028609758,1.7325745,652.9305506893768,381.8696379604815,954.6665843897756,451.53033917203504,17.182958101049373,5.468364780651984,1232.9621010638298,812.8874660829758,0.16124845,0.36548996,0.36003882,0.32027718,-320.09268,119.46607,-5.0382586,38.037724,12.090924,145.47247,55.27326,27.873001,25.708742,11.581383,3.0,85.22727272727273,1.3105782,1,1.3105782,2.0522935,Buka
-0.0025595175,0.074256115,0.0055139707,-0.9170530880127663,23.301785728196645,0.074300215,0.022029795545212765,0.0055205217,0.026558625,1.9635925,592.0778708099524,501.62987075394346,894.2434704333599,716.3970151942937,16.50867575624414,5.2816615265916935,1256.8982712765958,1141.9010506854434,0.3750194,0.48144597,0.30450022,0.33284506,-387.17523,78.77501,3.915817,15.833332,3.217253,148.45479,63.435566,12.492311,19.675259,9.120406,3.0,104.16666666666667,0.93105817,1,0.93105817,1.8939184,Buka
-0.0027961775,0.09696726,0.009402649,0.18015043471285677,18.81662978242269,0.097007565,0.028590425531914893,0.009410467,0.039905343,1.8101501,554.6597401891781,525.0851915617285,744.7101268252145,663.4483204399017,18.12923424983874,5.284086413700974,1133.9760638297873,1178.1409153683437,0.4272694,0.49293527,0.2420039,0.3203832,-395.70837,75.06665,-1.8418974,16.414953,-2.8008833,165.0305,67.52762,16.683592,25.228271,11.066673,3.0,117.1875,0.97222155,1,0.97222155,2.1818523,Buka
-0.0021701024,0.09954193,0.009908597,-0.008726878672452979,22.079564685403927,0.09956559,0.018159906914893616,0.009913306,0.045737717,1.9329834,450.0028837643872,501.5235903412668,678.7418377642472,714.5157917517037,16.287348880665583,5.281832847253024,889.2121010638298,1060.1341597977687,0.5122301,0.49826893,0.19958748,0.29382205,-377.22556,62.731125,5.6789336,11.147569,1.7791413,147.50226,66.43587,14.066451,18.288925,13.900334,3.0,234.375,0.8261232,1,0.8261232,2.0007133,Buka
-0.0042978562,0.05339651,0.0028511875,-0.0007047625164287708,18.439806070445872,0.053569198,0.03639253656914894,0.002869659,0.012665908,1.7272644,569.2652860428725,617.6210559820712,689.2340462672644,672.8748535268163,16.37760343144143,5.535341905475729,1111.8683510638298,1189.5973813898192,0.48166502,0.49676776,0.27229515,0.32989386,-410.3427,64.94078,-13.170321,9.929464,-0.14780657,215.06104,64.12158,23.739647,15.099538,9.180817,3.0,98.6842105263158,0.9466378,1,0.9466378,2.0102277,Buka
-0.002888965,0.10223442,0.010451877,-0.44737286628483935,14.22750943830176,0.10227523,0.028008643617021278,0.010460223,0.038276654,1.8831482,531.0913678068443,468.6048676146619,736.6961314500758,582.4242732708857,17.316742688661016,5.211640607324714,1057.0146276595744,1014.326239570572,0.35206726,0.4765674,0.32122093,0.35139152,-364.62076,90.43021,-3.7219787,21.82857,2.5786679,148.1592,71.66236,20.72472,21.347277,19.975079,3.0,125.0,1.1446202,1,1.1446202,2.5744698,Buka
-0.004824616,0.11044167,0.012197363,-0.8110415992728595,14.425374759490667,0.110547006,0.026959358377659573,0.012220641,0.045100227,1.9387512,459.6688771590309,492.1957047946652,629.1410816412899,619.2045839678846,16.76034531852968,5.2754439795247645,804.3550531914893,957.6770406457064,0.45942658,0.49639192,0.21820539,0.323189,-381.0743,76.698074,-0.49191365,15.341858,0.86561537,178.94955,73.177376,18.356033,21.064772,14.014895,3.0,85.22727272727273,1.0572084,1,1.0572084,2.33973,Buka
-0.0016052952,0.10719942,0.011491717,-0.4825766627090879,9.759913138330807,0.10721145,0.02745283410904255,0.011494295,0.034212995,1.6702576,421.73509814196956,475.45634804214336,561.7951035059039,574.9301508146151,17.017120053205467,5.66259886608615,718.5837765957447,885.5707202390143,0.4906984,0.49858487,0.19099392,0.29891604,-378.82788,77.89471,1.5789288,9.777938,-7.557256,180.90149,78.355095,16.098806,20.59387,17.758738,3.0,104.16666666666667,0.8623204,1,0.8623204,1.9715443,Buka
-0.002625018,0.12106244,0.014656115,-0.3747575069808027,11.54900875940874,0.1210909,0.029270902593085107,0.014663004,0.04780046,1.8240967,581.3575040166772,445.2678378581388,846.7478823425382,607.8091576790922,17.438714229948726,6.248798014242533,1080.6183510638298,928.593981844251,0.30995235,0.4609204,0.3261367,0.3416303,-329.0353,97.08812,-0.36996078,16.321241,-4.5569444,158.4979,68.850395,15.395517,20.761034,16.091217,3.0,133.92857142857142,0.97537297,1,0.97537297,1.8746327,Buka
-0.0013703067,0.110941775,0.012308078,-0.20775049020929262,22.69377149359211,0.11095023,0.016669090757978722,0.0123099545,0.057538725,1.9754028,365.1426467571407,492.05102791484506,530.5946621534573,679.1174155308727,16.526800107824695,4.904390471098849,679.936835106383,1029.8830727281188,0.5968101,0.48945835,0.21050239,0.32193434,-390.05002,53.851448,3.119392,3.7521524,-2.060823,149.2815,68.57152,12.148706,14.72044,11.385321,3.0,156.25,0.79051274,1,0.79051274,2.157706,Buka
-0.0055232616,0.105540805,0.011138861,-0.3006166849129975,29.771000230933236,0.10568523,0.025785405585106384,0.0111693675,0.06007233,1.9606934,680.0786267424824,582.7454120875649,1050.5750704512884,883.2034869803729,18.60667786510718,6.107752005192518,1500.0831117021276,1416.393902233978,0.39598554,0.48665154,0.32249257,0.34673327,-330.24554,68.41559,9.939668,9.038662,8.958776,153.19965,57.645256,22.240398,12.709981,11.8974495,3.0,144.23076923076923,0.8431733,1,0.8431733,1.325144,Buka
-0.0032827836,0.087518364,0.0076594637,-0.15315794022201518,19.168366618684782,0.087579906,0.021624625997340427,0.0076702405,0.03296573,1.9081421,527.3555195489606,414.7370279163183,812.2764997715648,599.9293726551424,17.635494374641453,5.08205757254889,1104.1389627659576,894.8626470083693,0.34159243,0.47301972,0.3170668,0.33139336,-361.51462,88.27177,-5.778254,29.123146,8.765344,180.93166,65.729416,19.296263,24.17624,12.383757,3.0,66.96428571428571,1.117828,1,1.117828,2.0713952,Buka
-0.0014697526,0.13769862,0.01896091,0.3019126077096407,9.57608820486197,0.13770646,0.035982172539893616,0.01896307,0.055572886,1.9420776,741.2092621754842,567.0426938734872,1006.6027054939186,742.4293679485829,18.9726922733828,7.069489785641227,1469.5811170212767,1395.2805523918103,0.267667,0.440819,0.2972392,0.33188134,-315.91483,101.519554,-2.1925724,5.016751,4.234214,159.86557,70.69877,22.759775,15.780847,26.489067,3.0,104.16666666666667,1.162699,1,1.162699,1.9690812,Buka
-0.004139442,0.117240876,0.0137454225,0.3316335040988279,11.088477132334557,0.11731392,0.04858917885638298,0.013762557,0.043695074,1.749115,729.2936295076541,563.8952874617827,873.2477726930904,581.1233797147834,18.551863719618783,7.029697406546676,1365.2759308510638,1154.0283823840164,0.2797314,0.44540736,0.26489806,0.3182065,-322.20453,101.449715,-11.673527,16.152494,-7.2332096,179.70062,65.5611,27.002794,18.483934,19.460783,3.0,93.75,1.206822,1,1.206822,2.3621368,Buka
-0.00041648356,0.09201664,0.008467061,0.08404725622678463,18.785871871634384,0.092017576,0.02766580784574468,0.008467234,0.035969038,1.6838074,498.709600591165,498.683707773731,683.602886621149,626.9749753072858,17.38845665249822,4.720995750764138,872.8390957446809,956.1723744953723,0.43875518,0.4936888,0.24594693,0.3253414,-365.5933,78.35657,-3.599497,15.357084,2.6428196,188.96626,71.40483,20.510653,20.03377,13.436876,3.0,104.16666666666667,1.0907868,1,1.0907868,2.3063784,Buka
-0.0041857357,0.13300776,0.017691065,-0.49496087400182026,11.085369093146593,0.13307361,0.03062666223404255,0.017708585,0.056464944,1.8717346,564.0347514111686,540.3355882229883,752.7640861730499,646.884868944481,17.167959825733266,5.7048290208801005,1097.406914893617,1166.8112571744723,0.3963234,0.48639184,0.22323242,0.31431907,-335.39725,83.14993,-2.042623,15.9478655,-0.41195565,176.98483,69.144066,20.799953,17.756899,11.818368,3.0,64.65517241379311,1.0672293,1,1.0672293,2.3100128,Buka
-0.00097881,0.08212523,0.006744554,-0.48769491532313397,17.01550044709864,0.082131065,0.021084399933510637,0.006745512,0.027324531,1.9778137,398.94862520108165,424.3028689613015,559.2596811956596,545.2805961291174,19.26716220507915,4.876900501977193,687.0844414893617,743.4937125316459,0.46859023,0.4985083,0.1564788,0.2730183,-410.0618,79.589966,-0.2724632,12.864114,-2.4191337,160.92317,77.0187,12.170339,18.706985,21.0963,3.0,117.1875,0.8819465,1,0.8819465,1.8764267,Buka
-0.0008439598,0.09245579,0.0085480735,0.19190488684964066,17.20411181503112,0.09245964,0.01660675698138298,0.008548786,0.03465174,1.9354858,356.86877833683485,422.9092418861098,518.2595344311134,581.3322769333699,17.376639645282342,5.462151483903918,575.0498670212766,712.5615456446071,0.5432395,0.49744502,0.1343301,0.26520634,-420.88577,66.619484,1.4750855,2.3726256,-3.2016711,157.34688,74.31173,9.08464,11.818451,19.339684,3.0,98.6842105263158,0.85717106,1,0.85717106,2.564346,Buka
-0.0049862806,0.15188307,0.023068465,-0.6037507741764124,11.426197107554971,0.1519649,0.025338680186170214,0.02309333,0.07486165,1.8606873,629.511270877375,588.3488419223612,983.0574623609573,857.6443245560644,17.694634977126924,6.4833922126277175,1490.8577127659576,1675.2851753508578,0.39535218,0.48716274,0.29654995,0.3421934,-305.2541,71.43163,6.0174527,15.398756,12.017079,163.38548,59.049965,19.20908,20.025372,13.003174,3.0,104.16666666666667,0.88417214,1,0.88417214,1.4351782,Buka
-0.012053588,0.14562877,0.021207739,-1.1055447163704866,8.077459546438968,0.14612675,0.02547373670212766,0.021353027,0.05803702,1.9871521,503.5062005228486,486.96243117421466,728.3001691638352,643.9883091296931,17.630419295477235,5.491472548557132,937.8324468085107,1012.2347227761687,0.39520973,0.48727486,0.23313926,0.31685138,-327.51514,85.765816,1.7123519,16.783556,4.2515755,161.32918,71.86772,20.371693,21.000715,11.370829,3.0,75.0,1.085505,1,1.085505,2.3467543,Buka
-0.0050885463,0.13178305,0.017366774,-0.41569167083019276,11.986853587992965,0.13188127,0.019229970079787235,0.017392667,0.057851933,1.8883667,335.427675214607,423.9634620211417,468.2850368401149,546.0866716146907,19.269856568854568,4.949375523963453,529.8371010638298,724.5515979807624,0.5540274,0.49624062,0.13236377,0.26273897,-371.25388,67.85293,1.5070584,5.4320197,0.40540013,144.04793,78.14925,18.975748,15.179339,16.036266,3.0,110.29411764705883,0.8420894,1,0.8420894,2.178142,Buka
-0.0077828285,0.08590753,0.007380103,-0.22208104849655336,11.434290235404026,0.08625934,0.039098861369680854,0.0074406746,0.024205904,1.8152161,780.3938802073767,528.2871556021049,1063.2581992253936,684.477155058581,17.532659609051183,6.044287902644536,1602.6429521276596,1204.1298008364777,0.24731815,0.42841405,0.3617764,0.3387734,-305.09927,92.56695,-7.4931054,17.899609,5.236288,157.60185,56.989834,28.402622,22.473513,10.979546,3.0,133.92857142857142,1.2335815,1,1.2335815,2.4569743,Buka
-0.0028140221,0.081947826,0.006715446,-0.18188082934462263,17.21066292658604,0.08199612,0.033514793882978726,0.0067233643,0.027378967,1.8987427,742.0021097713523,349.61309456093863,1114.9487630674646,481.0903900431999,18.07415854562091,5.516698525049988,1641.2898936170213,850.1237262722406,0.14003752,0.3445233,0.42003486,0.31926042,-301.69305,109.48578,-2.6737742,42.858353,12.495211,126.50876,49.970615,18.011827,23.123848,12.6000185,3.0,78.125,1.3166506,1,1.3166506,2.052607,Buka
-0.003384154,0.13800779,0.019046148,-0.1556904474795634,14.235853413863147,0.13804927,0.01920919215425532,0.019057604,0.06944086,1.9056396,385.465812898552,403.35116539182854,617.1878004592753,618.2298084875091,16.863642443638845,5.100189535862346,664.8105053191489,780.5066852430666,0.46901128,0.4981148,0.19718608,0.29877505,-358.9107,77.37775,10.360135,17.886278,5.2854133,139.10744,74.28449,20.225388,20.244314,11.229682,3.0,144.23076923076923,0.8147661,1,0.8147661,1.8731889,Buka
-0.0041389884,0.18779267,0.035266086,-0.1320835097726226,8.00616717206635,0.18783829,0.026112657912234043,0.03528322,0.09347971,1.9002991,617.9632609427216,422.58474980982106,902.6109316926313,560.9699688180457,18.74496046679722,6.649928288121186,1153.8397606382978,932.0444841005691,0.22514282,0.41561452,0.2885212,0.3214696,-306.5419,106.883224,3.1074395,19.250418,8.37778,125.04431,62.708065,21.766384,18.796988,13.164225,3.0,117.1875,1.1187483,1,1.1187483,1.8670291,Buka
-0.0049100546,0.122993454,0.015127391,-0.9476290862282356,15.535687124271632,0.12309142,0.02037795046542553,0.015151498,0.058120206,1.8237,455.8716314919903,489.55845409532225,690.8504650530989,694.5794225989996,18.198275517360067,5.2931613679972065,867.3537234042553,1059.6740978306163,0.46952716,0.49763432,0.23931511,0.33390018,-366.71796,73.06759,7.5531316,14.134238,-0.08116944,158.01752,71.18508,16.251507,19.19326,12.34901,3.0,125.0,0.9272772,1,0.9272772,2.243987,Buka
-0.0053974614,0.08727119,0.007616261,0.05711982827110698,17.05628425122612,0.08743794,0.0272710272606383,0.0076453933,0.030797834,1.9205322,626.2405362306449,402.48771192372175,983.1649073950393,578.2592894329734,17.060622405948767,5.680450694392607,1189.245345744681,889.7067651360214,0.22496276,0.41569954,0.40755013,0.34561518,-345.5747,104.381294,5.780441,22.259995,1.779134,134.4282,62.044468,20.890503,19.307903,14.248936,3.0,133.92857142857142,1.1161714,1,1.1161714,1.9490361,Buka
-0.004137022,0.116334505,0.013533717,-0.36909986934404626,8.29758683955079,0.116408035,0.023972531582446808,0.013550831,0.03681689,1.8752441,536.4064693564807,423.6903900698036,812.5960001243146,561.5097655702818,19.091455559335323,5.888975857180334,928.6901595744681,834.4006444239686,0.27781373,0.4465734,0.26568878,0.3213931,-348.04733,105.88917,4.884796,18.832464,2.98701,149.91383,71.34458,23.456112,18.579403,16.886864,3.0,69.44444444444444,1.2121733,1,1.2121733,2.4660442,Buka
-0.0023673375,0.10279935,0.010567706,-0.16176710248419388,16.266312088009037,0.1028266,0.0197026678856383,0.010573311,0.041509707,1.9234619,442.6346127814438,476.56121364438553,662.6760272390509,663.02013187617,15.628658367172811,5.465451090555788,840.7579787234042,1036.0436634184287,0.4590545,0.49673936,0.23828958,0.33026513,-386.23895,77.99377,1.934182,17.132963,4.396468,172.1899,74.275795,19.20393,20.686697,12.489244,3.0,125.0,0.92355484,1,0.92355484,2.091067,Buka
-0.0019577064,0.09682423,0.009374931,-0.1914645530282021,13.76428216094973,0.09684402,0.01648728390957447,0.009378764,0.03372113,1.7124939,348.57197967353056,444.9653767841548,492.7589620093987,558.30348542204,16.186811707474412,4.829020280326023,558.4275265957447,772.5149377075604,0.522382,0.4984024,0.1802704,0.29440492,-425.17633,73.26168,4.126273,7.6751513,1.6134106,156.36319,79.95465,24.364635,19.77117,13.623685,3.0,98.6842105263158,0.8853168,1,0.8853168,2.720033,Buka
-0.0037234789,0.13371107,0.017878652,-0.4732319315393421,11.889278421944276,0.13376291,0.023494639295212765,0.017892515,0.059249073,1.8927917,421.26227486792544,489.2893095879875,620.3926396267899,631.0014807554201,15.574279447326203,5.738104921049091,743.3510638297872,983.9038928867485,0.45917425,0.4966118,0.20510945,0.30086035,-367.65982,82.15518,9.699965,9.243472,1.683323,165.17603,80.27282,26.75109,16.511492,12.719281,3.0,89.28571428571429,0.99152285,1,0.99152285,2.4786944,Buka
-0.0036588644,0.13491726,0.018202668,-0.878853369505703,9.091399122936583,0.13496687,0.03235642453457447,0.018216055,0.052178998,1.8467102,603.2630380605971,475.94215962389484,839.5743715246255,610.1299532797843,17.57324582008984,5.362764325088522,1123.5871010638298,1015.9963536809532,0.2680827,0.44057533,0.332968,0.34859332,-328.55936,108.780624,-1.1707324,17.561636,3.3161647,144.76395,73.581894,24.296291,20.469805,14.882288,3.0,104.16666666666667,1.0661683,1,1.0661683,2.17759,Buka
-0.002594895,0.17293398,0.029906163,-0.2653192043345936,8.38862917829825,0.17295346,0.021505152925531915,0.0299129,0.08143507,1.980072,401.22752534222326,522.2524366501524,582.4540334590586,652.4286307437142,18.213662349302748,6.296073479807291,664.7273936170212,1029.8523100375203,0.53353626,0.49727052,0.13123739,0.26216018,-356.3127,60.944767,9.043283,5.8170204,-0.070433356,153.42342,66.37811,23.469025,14.802834,13.787815,3.0,89.28571428571429,0.84569305,1,0.84569305,2.2625275,Buka
-0.008116837,0.14093374,0.019862317,-0.21293741801125027,8.496226566270694,0.14116728,0.027774891954787235,0.0199282,0.05468491,1.894043,721.3868647939702,256.66844880899123,1217.9162864603927,355.1361708922429,18.19401702078892,6.580386175343073,1482.130984042553,652.5267416178119,0.05430949,0.22415428,0.53668654,0.31736606,-239.43889,123.5526,3.9920251,31.44018,8.532031,93.94713,38.54458,19.43902,19.378506,10.157363,3.0,98.6842105263158,1.1994582,1,1.1994582,1.5994066,Buka
-0.00885766,0.121123016,0.0146707855,-0.7804111914204754,14.79006005495587,0.12144647,0.021385679853723406,0.014749245,0.05510551,1.9875183,470.16879229109753,490.43434044266775,689.9759858453955,664.3562182434752,16.63063797012425,6.0413312573951945,903.0917553191489,1003.2000819776171,0.45863587,0.49709836,0.2680974,0.34206223,-371.0527,70.60234,-1.2004335,12.156454,0.80294514,166.81938,68.38972,19.40034,17.042526,10.281471,3.0,93.75,0.83067024,1,0.83067024,1.8519857,Buka
-0.0011242911,0.12795907,0.016373523,0.1196113084571348,11.41938165502618,0.127964,0.029842295545212765,0.016374785,0.05295027,1.9616089,714.848925084554,460.48335348812617,951.1642587036305,561.1619038405549,19.368734182755258,5.73979539465277,1382.9787234042553,993.8992884549166,0.23601869,0.42232397,0.3873091,0.3506806,-311.27908,95.02844,-8.830534,17.673603,5.4048734,129.77701,57.52956,21.050997,19.941896,15.73379,3.0,110.29411764705883,1.2300385,1,1.2300385,2.3514664,Buka
-0.0036167044,0.11666908,0.013611674,-0.3280267675175776,16.058431024047827,0.116725124,0.02828395113031915,0.013624755,0.05305,1.8770142,671.7237194643479,514.0132738880807,957.1081274502684,696.5357213027818,18.31228994799937,5.817831349229713,1372.0079787234042,1204.4584232221473,0.32118478,0.46476185,0.33919215,0.33644733,-337.19406,85.65814,0.71198887,10.687896,-0.34161717,144.08678,62.72246,17.53865,17.585392,14.739946,3.0,208.33333333333334,1.0204278,1,1.0204278,1.9614867,Buka
-0.0012752622,0.16932066,0.028669488,0.2542316891419359,12.660997824581552,0.16932547,0.01501724567819149,0.028671114,0.097934596,1.9958496,374.24040735369704,527.5860237342572,518.2546301867679,711.3513638445539,17.787763844289515,5.316193325959157,644.6143617021277,989.6016106036307,0.64031553,0.4778496,0.13968788,0.26970246,-348.70493,48.995464,3.2962484,1.5668975,-1.1912926,169.23636,66.882645,14.051283,14.640972,12.654076,3.0,156.25,0.8379036,1,0.8379036,2.6809306,Buka
-0.0065235626,0.07945581,0.0063132253,-0.04395590475948863,16.97180071731263,0.07972316,0.026180186170212765,0.006355782,0.025597034,1.7512207,578.0815282076417,477.996233013132,831.3924321684312,669.606101883086,16.592868554501557,5.899137408696333,1129.5711436170213,992.3474343204347,0.3742934,0.48193556,0.33005035,0.33822468,-364.68173,83.629196,-4.72155,12.630036,0.84134674,169.3281,68.94068,13.74068,16.907879,13.009771,3.0,187.5,0.90119576,1,0.90119576,1.5860493,Buka
-0.008080654,0.11037301,0.012182201,-0.3557822825848436,20.44903257276997,0.110668406,0.01594705784574468,0.012247496,0.054087512,1.8177185,585.4606626717967,489.1951598350853,1005.7544193909284,697.4008396799304,17.866163211614282,5.1873858923395595,1266.123670212766,1113.3308584217255,0.28890726,0.45142916,0.39054695,0.36560273,-366.8517,80.61298,13.787096,27.695652,13.239265,113.50718,58.732445,17.869858,19.150593,10.905971,3.0,110.29411764705883,1.1413263,1,1.1413263,2.38497,Tutup
-0.004740368,0.114811584,0.013181699,-0.9930317597235195,23.937482352699213,0.114909396,0.011381108710106383,0.0132041685,0.06355462,1.9734497,373.2267158862536,407.18576714236076,670.5019267094441,693.4546160039715,15.95690984465045,5.042122868686824,770.9441489361702,922.2990628724174,0.47951272,0.49879444,0.23967895,0.3370023,-398.24118,66.702385,9.231748,18.531921,8.865966,118.08894,67.98608,15.941525,18.96157,10.159195,3.0,104.16666666666667,0.861486,1,0.861486,2.099877,Tutup
-0.0025366847,0.09705747,0.009420152,-0.6497192810085037,41.456570251077416,0.09709061,0.00825922539893617,0.009426586,0.060314346,1.9642944,300.8047930204274,380.63338401781965,543.2036802417349,668.7109876848843,17.84010967596418,3.840549595318564,631.0671542553191,863.9304086175705,0.58551955,0.49221438,0.2119445,0.32473627,-417.64914,49.859463,7.048507,13.922888,6.7606125,105.60589,62.89008,14.878102,17.626122,12.617929,3.0,267.85714285714283,0.7277794,1,0.7277794,2.3172362,Tutup
-0.0048616123,0.13728763,0.018847892,-0.9268575316198422,15.123944115158233,0.13737369,0.010066904920212765,0.018871529,0.071281105,1.8744202,226.44984081304628,350.80186325788765,383.2538749363538,545.1654523974664,18.74278397052309,3.9675646664867754,413.2313829787234,753.0020019534873,0.6282225,0.48270395,0.13706788,0.28748003,-414.77347,52.835136,9.288171,14.568373,3.6226437,119.239105,71.65578,22.182985,20.3852,9.265427,3.0,89.28571428571429,0.79672337,1,0.79672337,2.4078646,Tutup
-0.0031865032,0.1606475,0.02580762,0.30607177027321153,13.276129485311792,0.1606791,0.008809840425531915,0.025817776,0.0904127,1.9269714,268.9672404243352,374.5829354850249,469.16406628657097,630.0032603344995,19.500294855884498,4.187095119640408,511.22007978723406,789.63712628071,0.61753637,0.48546386,0.13445716,0.28207627,-389.0889,46.941105,8.73152,8.128889,4.361942,107.6345,62.842876,16.268366,12.412568,8.917015,3.0,98.6842105263158,0.74367636,1,0.74367636,2.7419043,Tutup
0.0009777572,0.10984683,0.012066326,-0.2516162573000396,32.72193975331973,0.10985118,0.013240733045212765,0.012067283,0.06819133,1.99823,374.41221950578745,453.3164125874408,663.0558352830735,756.8539575148093,15.6263748334221,4.8938010525852045,800.4488031914893,1064.1686634312032,0.54418445,0.4964539,0.22267307,0.32537892,-397.94223,54.330887,10.315293,12.263085,7.638925,109.68743,62.857697,14.143768,15.762771,9.566386,3.0,187.5,0.78869206,1,0.78869206,2.1755247,Tutup
-0.004574143,0.13666423,0.01867711,-0.3729298255659166,16.580343618490502,0.13674074,0.00862803357712766,0.018698033,0.07396301,1.9407959,255.30007645010576,383.89046806384397,432.37055805432715,608.9784084605681,15.88329907833792,4.885033163217181,485.2061170212766,855.4579098011226,0.62861866,0.48220673,0.13415089,0.28376648,-416.37003,49.672108,10.399324,10.680495,4.3892837,113.21016,67.046844,19.914604,15.539447,8.38978,3.0,89.28571428571429,0.73864245,1,0.73864245,2.564297,Tutup
-0.004605093,0.10562385,0.011156398,-0.1767919403100652,18.44308914495695,0.1057242,0.015328914561170214,0.011177606,0.04684323,1.9554138,521.9045218255471,508.16162045820494,822.9349450682219,748.3172944798947,15.703312084324006,5.576978225481758,1197.8058510638298,1288.831384809415,0.39501786,0.4874336,0.30519828,0.36945474,-389.2337,72.54019,10.385028,20.325478,7.5490127,119.717995,66.99513,18.856844,18.660404,9.897158,3.0,81.52173913043478,1.2154217,1,1.2154217,2.654083,Tutup
0.0009680093,0.12278159,0.0150753185,-0.029667912821202964,16.793632224427707,0.1227854,0.025452958776595744,0.015076254,0.06004982,1.8952026,773.2540849351784,458.0451777885119,1189.6533495685496,624.9540771419305,16.279647196169183,5.986790694901079,1741.6057180851064,1058.5922100474236,0.18379194,0.38353804,0.49202138,0.35873833,-320.07602,94.4194,4.9958963,25.732897,12.441087,109.237526,50.577377,21.57245,15.162629,9.968023,3.0,125.0,1.5707891,1,1.5707891,2.926178,Tutup
0.00032102395,0.100403436,0.01008085,0.1747518115748538,38.90288657013667,0.10040394,0.012627784242021276,0.010080952,0.06237756,1.9073792,445.28528724278556,555.2026277767964,672.5179110594595,724.5264401979381,15.512307813664673,4.526590592869324,937.6662234042553,1137.1272255880767,0.5152198,0.49582055,0.26817873,0.34363478,-402.12814,56.721275,3.1950417,18.639591,9.540799,125.135544,64.03119,19.180107,20.025547,12.064173,3.0,104.16666666666667,0.9688985,1,0.9688985,2.6271238,Tutup
-0.0023926531,0.13592912,0.018476728,0.13546250984194988,11.733089099438718,0.13595018,0.00838389295212766,0.018482452,0.06060579,1.9916687,249.94863351230018,344.3798205796954,438.6386695636639,573.9789477977021,17.036185632849985,4.756863390597664,477.1442819148936,743.6324464597698,0.59625936,0.49012762,0.13618161,0.27380952,-415.23413,53.993984,11.536669,9.989377,4.902399,104.13076,69.73991,19.686325,13.880411,10.466301,3.0,93.75,0.7206466,1,0.7206466,2.0463674,Tutup
-0.007755563,0.10703184,0.011455814,-0.4196196233073361,27.331906094312203,0.107312456,0.013988738364361703,0.011515963,0.059175566,1.9915466,484.19166432364216,440.6544261576407,854.4107541500154,728.6159240820737,15.92708518387064,5.622011896929549,1078.0418882978724,1078.695485989924,0.38423362,0.4851375,0.34679726,0.36726803,-384.41898,73.54541,8.985434,23.51391,11.369044,120.349365,62.917755,16.454706,19.385674,12.673553,3.0,133.92857142857142,0.99956316,1,0.99956316,2.3374727,Tutup
-0.0022696876,0.13282937,0.01764364,0.7490641053948621,16.902651977847196,0.13284875,0.009713680186170214,0.017648792,0.07036893,1.8428345,342.2442781797001,418.0730754768945,614.9424083490479,700.092669601258,17.206340654016397,4.727754423682229,690.6582446808511,989.9844389619525,0.53281206,0.4980352,0.19099343,0.30508727,-409.439,56.46822,15.125241,12.103509,6.010938,116.034615,63.4061,21.253294,16.946667,11.496416,3.0,85.22727272727273,0.8668677,1,0.8668677,2.3691244,Tutup
-0.007761496,0.116794154,0.013640874,-0.7716298284584078,26.194742187489048,0.11705176,0.012201836768617021,0.013701115,0.0689619,1.9664001,453.21439503756017,420.65752837364977,811.8065683303173,721.8805018588537,16.197987355568262,5.359413441805634,985.2061170212766,993.802262351388,0.41623047,0.4915927,0.288017,0.32728884,-367.37686,72.14005,10.379782,22.614115,13.635738,118.94678,63.72227,12.107777,20.07288,13.533808,3.0,208.33333333333334,0.87999284,1,0.87999284,1.841496,Tutup
-0.0076041203,0.106643364,0.011372807,-0.5416028591986786,28.8239734641477,0.10691413,0.01135513630319149,0.011430631,0.060417086,1.9403992,474.732315086911,479.96822586046704,836.6018289964413,771.5677527659658,14.817528554311547,5.813040816154004,1062.8324468085107,1235.9966722733288,0.42631045,0.49375522,0.32057306,0.35683382,-386.7608,64.36399,14.621917,22.479698,8.817613,114.61175,62.322647,14.901429,20.512894,11.265527,3.0,208.33333333333334,0.9604278,1,0.9604278,2.210824,Tutup
-0.016378304,0.09597155,0.009210537,-0.700997778907765,30.23266070074307,0.097359054,0.012586228390957447,0.009478786,0.05060316,1.9432373,441.6094456792035,432.9217152451779,814.863540735636,753.4310695345634,17.601987454395157,4.998237730764847,948.5538563829788,1037.0098065173993,0.43735808,0.49487767,0.3270858,0.36513242,-399.1673,65.82031,10.251789,19.069693,7.9588895,132.7848,61.296124,13.442131,17.897757,10.120977,3.0,208.33333333333334,0.8640557,1,0.8640557,1.7354059,Tutup
0.0019161135,0.09429537,0.008891617,-0.22145000549019142,20.513349229874212,0.094314836,0.01289789727393617,0.008895288,0.039521653,1.8048706,408.3649372288738,477.2100065917705,623.4947156431709,685.8314269222049,17.680347810230934,4.679946858109458,886.1369680851063,1088.3519250861887,0.51260036,0.49797574,0.24539517,0.34761363,-412.2505,63.823044,4.364363,17.52397,2.0348887,138.07495,70.605965,16.933796,18.642508,11.289259,3.0,93.75,1.0407422,1,1.0407422,2.765857,Tutup
-0.02275387,0.09860649,0.0097232405,-2.2065058447046537,24.64935578707757,0.10119773,0.008056640625,0.0102409795,0.049733058,1.702301,446.0420134029289,455.19844355413596,808.8517397870486,773.7392195933539,16.251649130523266,5.2944854495190015,990.7746010638298,1101.3325706245705,0.45856798,0.49716732,0.35136285,0.38608178,-395.10907,59.57824,7.89484,20.159307,9.546753,143.24094,58.21798,11.255842,19.061241,10.204169,3.0,234.375,0.86198163,1,0.86198163,1.9587631,Tutup
-0.0049281223,0.12566124,0.015790746,-1.1462267563334207,20.734815195350794,0.12575783,0.015276969747340425,0.01581503,0.07062548,1.8960876,459.6374999115517,577.6180325767493,729.6133204672186,772.1864278490717,15.998368680202777,5.613048346587721,989.5279255319149,1366.856225628959,0.49315634,0.49638027,0.26241443,0.35451782,-387.5055,60.31763,9.715952,16.908327,5.3202252,135.02924,65.18303,14.234245,17.692556,11.665771,3.0,133.92857142857142,1.0076407,1,1.0076407,2.3538187,Tutup
-0.0041687503,0.14071001,0.019799307,-0.6452569462663115,13.685775353860626,0.14077175,0.016892453457446808,0.019816685,0.07083808,1.8888245,522.1828828982478,429.4438554322636,906.0084526284875,658.104517231176,16.648854598739643,5.741345050325014,1064.245345744681,1007.0391705690761,0.3105438,0.4605853,0.35630137,0.37103543,-352.20923,86.23359,13.482552,26.603401,9.023056,118.12568,61.590225,18.207615,19.127777,11.1553955,3.0,85.22727272727273,1.0975243,1,1.0975243,2.2006085,Tutup
-0.003137115,0.09733626,0.009474347,-0.16247542068142565,35.080796073506654,0.0973868,0.014534158909574468,0.009484189,0.055646557,1.9988403,483.94968189665025,447.4365137814806,811.6314174050756,696.9311115796208,16.504065612866913,4.823831616079633,1077.376994680851,1041.5379479383785,0.39510298,0.4873738,0.3423171,0.36412913,-391.4631,72.61809,7.459701,24.484083,8.392106,119.5581,63.518684,18.962498,21.158375,10.0612755,3.0,187.5,1.0659982,1,1.0659982,2.4177902,Tutup
-0.0045993016,0.14834258,0.02200552,0.4785455101420239,16.080313852894967,0.14841385,0.00890853557180851,0.022026673,0.085391626,1.8208618,355.28370368876705,600.010656338757,507.48301590853475,700.0663236919722,18.319334838888167,4.444213693159192,677.6097074468086,1189.5405940701112,0.6289471,0.48177615,0.12169949,0.26520577,-393.93427,39.4181,11.18064,9.251171,2.9892535,106.93276,57.667202,21.038206,16.83424,9.847783,3.0,104.16666666666667,0.8345209,1,0.8345209,2.6202438,Tutup
-0.0062952945,0.12687631,0.016097598,-0.1785934263901241,20.204946485095963,0.1270324,0.015141913231382979,0.01613723,0.070771284,1.9940186,501.0565184546411,408.1636812342149,916.8982589328442,704.4655795530358,17.71298228721584,5.0942519499371866,1073.6369680851064,971.231118218724,0.33086607,0.46938476,0.3522861,0.36019224,-360.62555,82.1235,12.873089,24.965153,13.791104,116.2204,63.371994,16.071016,18.641092,12.715335,3.0,125.0,0.95732504,1,0.95732504,1.7682878,Tutup
-0.0016694464,0.14465,0.02092362,0.29912000270052164,13.205405138797682,0.14465962,0.010321434507978724,0.020926405,0.0731498,1.927887,245.2859372872134,371.7640858429772,407.1056213174214,576.4347725785783,16.769252218385933,5.471034487195172,424.2852393617021,774.8901931130985,0.63902414,0.47953716,0.10109103,0.24940313,-404.5886,44.60146,12.29145,7.360406,4.1558456,104.10843,62.05768,23.74022,13.037349,9.5449505,3.0,78.125,0.64765066,1,0.64765066,2.4329755,Tutup
-0.0029301853,0.16867277,0.028450504,0.6284359904551181,9.711372159769944,0.16869822,0.018809217087765957,0.02845909,0.083824754,1.8700867,447.4062102767664,525.7758727602492,686.6400082585975,704.8000530648475,19.232452601386758,4.947340494015621,948.3876329787234,1194.5535079028484,0.45969084,0.49617645,0.21689238,0.32454804,-374.2751,67.411224,12.495437,18.334885,6.5748477,117.613716,67.63669,20.495796,19.708242,10.865418,3.0,78.125,0.8958896,1,0.8958896,2.1724617,Tutup
-0.0011393782,0.15529345,0.024116056,0.7701919265780909,16.497388358883057,0.15529762,0.022154463098404256,0.02411735,0.09495529,1.8225098,652.8603609747344,535.7963709102427,1013.6971109810238,712.6191149927886,16.985760145515492,5.693918578169707,1369.2652925531916,1306.0808306509966,0.28063604,0.4448994,0.33897766,0.3556197,-357.84018,78.25124,23.266487,19.61901,9.588103,108.09932,56.226433,23.765022,15.7741995,15.947708,3.0,234.375,1.4010661,1,1.4010661,3.330004,Tutup
-0.0035796228,0.094189696,0.008871699,-0.685994501175649,29.28968117151683,0.09425769,0.013245927526595746,0.008884512,0.047587384,1.9654541,444.92144799776986,421.93822549375096,787.0856738411038,733.4903613771307,18.459064686010464,4.462735316079459,1003.5738031914893,1005.1330407883353,0.44779968,0.49627784,0.32053554,0.36197445,-397.88525,66.715675,8.480408,18.353998,9.518472,124.18012,62.82033,13.183581,18.51631,11.086684,3.0,208.33333333333334,0.8953262,1,0.8953262,2.1261482,Tutup
-0.01396505,0.13097256,0.017153814,-1.0625747162938364,15.144841436641627,0.13171498,0.012607006316489361,0.017348837,0.06575793,1.8828735,413.319512820065,410.93314189258524,713.7404917337212,699.4692685534766,16.394957279767432,5.80813727876775,867.436835106383,936.4781749363965,0.4582586,0.49744374,0.29881227,0.35637784,-389.64645,70.76991,6.9168825,18.965528,5.315304,141.5843,69.84961,12.592892,18.378561,14.74974,3.0,125.0,0.9469001,1,0.9469001,2.4468248,Tutup
-0.0071226265,0.14971212,0.022413716,-0.48739049803570456,13.690467589611824,0.14988144,0.013360206117021276,0.022464445,0.08025096,1.9310913,327.49948537984585,338.67333261798063,584.545075510488,613.819287279252,17.089504233324607,5.2190221169428925,644.6974734042553,740.7195455578822,0.47913125,0.49915832,0.25896147,0.35268697,-392.007,74.077515,8.357755,16.010601,4.0534887,122.8038,76.69129,16.319904,16.773174,12.276569,3.0,98.6842105263158,0.8550952,1,0.8550952,2.3761547,Tutup
-0.00322233,0.1295041,0.016771311,-0.39717035508557097,18.089267389579977,0.12954417,0.013910821143617021,0.016781693,0.06954657,1.973175,406.90235267670073,373.85553443694016,725.6806511121797,666.4715385895167,16.519385734701242,5.285050772268123,845.5784574468086,842.0047157830797,0.4154767,0.4922141,0.27706885,0.3471269,-387.78387,76.84238,10.6548,15.094332,8.49582,113.1891,70.008606,17.51476,15.649925,11.165173,3.0,98.6842105263158,0.9103457,1,0.9103457,2.1445434,Tutup
-0.009670957,0.16109927,0.025952974,-0.5357846115222439,12.515081516065743,0.16138929,0.014222490026595746,0.026046503,0.08868463,1.9450989,440.6676181203828,458.77756012204986,736.8957126983549,731.1319739993729,16.543801926597197,6.00974275496929,921.0438829787234,1022.8920328039279,0.4692559,0.49789196,0.29527527,0.35516062,-373.44003,69.09942,10.65925,17.865007,3.7137594,167.85089,70.12713,17.313524,18.015406,14.338969,3.0,104.16666666666667,0.99133253,1,0.99133253,2.289925,Tutup
-0.0051637073,0.12502572,0.015631432,-0.6400874007927699,17.617874988381914,0.1251323,0.012840757978723404,0.015658095,0.06407476,1.813446,390.9668231187675,445.4837164605271,710.9201106328194,740.3477280036,15.74624116190176,5.897250127706172,802.8590425531914,1061.3017981360167,0.49058184,0.4987237,0.22716793,0.33498645,-389.66638,62.469772,13.495907,15.987829,7.7764482,131.56648,64.45704,16.203968,16.915876,10.831734,3.0,93.75,0.9285592,1,0.9285592,2.6327214,Tutup
-0.0048280666,0.11939122,0.014254264,0.07370618361041346,17.335964873628726,0.11948878,0.012794007646276596,0.01427757,0.057753343,1.8854065,400.33068621052087,423.43672033689154,693.6688541896796,702.1740156792941,15.292583325743136,5.891329881107631,839.5113031914893,1005.9285908802688,0.46910256,0.49803364,0.2423166,0.34186742,-399.3395,68.2647,12.256167,19.242502,6.0632253,131.23064,68.493675,16.152061,18.349714,10.407246,3.0,93.75,0.8914678,1,0.8914678,2.4443145,Tutup
-0.0018818334,0.12186988,0.014852267,0.2490434215440035,18.684846119742097,0.12188441,0.008347531582446808,0.0148558095,0.06258273,1.9059753,227.33686283201143,375.45145347158353,395.75910189846104,609.2897827964586,15.458998208356668,4.6679713125026,404.00598404255317,783.0901055243318,0.6706575,0.46950492,0.104603775,0.25769436,-415.21344,42.97257,12.384529,6.881838,2.7115836,107.81914,63.917797,21.450068,12.206606,8.8417845,3.0,98.6842105263158,0.6975206,1,0.6975206,2.6183348,Tutup
-0.019053953,0.111377336,0.012404911,-0.8299462720188708,24.235551697300682,0.11299541,0.011687583111702128,0.012767963,0.06087065,1.9242249,387.54890739476525,452.1012144734127,692.6677198874196,739.440686631758,14.970587212399167,5.503838549891627,829.2054521276596,1111.4920948123356,0.50111234,0.49890354,0.30268982,0.3657551,-410.1845,59.734615,7.9452305,18.26079,6.635638,148.50975,64.795334,14.254617,18.98403,10.557667,3.0,208.33333333333334,0.94500667,1,0.94500667,2.2649603,Tutup
-0.0021682752,0.11689215,0.013663775,-0.08674219046143457,20.23259919988429,0.11691226,0.01546397107712766,0.013668478,0.060103193,1.9111938,501.18443924516134,603.2213283294898,706.9570044457821,775.2439316021402,15.962269699246827,5.995293910157728,1044.630984042553,1370.4153681175044,0.5018423,0.4981689,0.194861,0.30365822,-398.18625,60.348633,5.2869782,10.877957,4.93186,133.55081,65.98353,21.458494,13.7009325,10.755447,3.0,104.16666666666667,0.88702935,1,0.88702935,2.2975578,Tutup
-0.002023259,0.12843764,0.016496228,0.405194723840325,17.46855477790144,0.12845358,0.009131898271276596,0.016500322,0.06702463,1.9355774,289.9212764587037,396.5238507714787,513.4029901655846,656.2605524084546,17.259989673382773,4.725685766834119,555.0199468085107,876.9042394397108,0.59653383,0.4897991,0.14607747,0.28462768,-410.4701,49.459286,14.491307,8.274919,4.5075955,108.783554,62.884335,21.829178,13.047952,10.289042,3.0,93.75,0.8199153,1,0.8199153,2.6669443,Tutup
-0.0017384707,0.14204443,0.020176617,-0.18618263704815016,11.138521100549468,0.14205505,0.01126683011968085,0.020179639,0.064361826,1.990509,291.0924609107458,338.4881754675804,553.7656710816507,612.7281362961123,16.724374892285603,5.555099009376101,520.1130319148937,720.3089027161636,0.52165663,0.49915218,0.17561874,0.30099437,-400.59067,60.898083,18.396036,11.288969,6.4135675,105.58435,67.71263,24.498217,14.033516,9.64992,3.0,81.52173913043478,0.82863915,1,0.82863915,2.3903332,Tutup
-0.0012292888,0.1459114,0.021290135,-0.31505800144826046,13.466035230633326,0.14591657,0.007880028257978724,0.021291645,0.07529201,1.9806519,253.76494596723856,380.4559565141995,432.91139165547884,601.3775416302635,16.671500686127953,5.086113328067522,438.6635638297872,777.620356210632,0.63893807,0.4796503,0.11497433,0.26499626,-397.03076,47.230034,10.168679,5.8174205,3.54158,118.82275,65.440094,19.698095,10.944094,9.11337,3.0,81.52173913043478,0.7880007,1,0.7880007,2.7441852,Tutup
-0.0032738189,0.11758387,0.013825967,-0.7463837723730233,18.75224380836903,0.117629446,0.018887134308510637,0.0138366865,0.058555245,1.8032837,684.3944713377876,440.0427931078015,1169.3592390816048,636.1953583453578,17.209532583529562,5.628339969813926,1534.4913563829787,1066.842518248799,0.18360963,0.38365927,0.4682826,0.351566,-336.44553,96.33243,13.471579,30.463242,10.514477,104.3476,53.430492,13.282647,15.922817,13.634112,3.0,144.23076923076923,1.2199433,1,1.2199433,1.9608426,Tutup
0.0017363764,0.1337538,0.01789008,-0.6497947678417474,17.843812536697975,0.13376507,0.009750041555851064,0.017893095,0.07347246,1.9627991,213.77300425562623,333.8320814151521,362.01822290885707,537.5473013429364,16.170248071022808,4.74460385936253,377.4933510638298,670.5460368775197,0.6600292,0.4732244,0.13381,0.27442688,-403.1876,47.071316,8.018328,11.083576,0.98177046,116.2856,69.72401,18.48336,15.914359,11.122273,3.0,104.16666666666667,0.7393711,1,0.7393711,2.3938265,Tutup
-0.0018279864,0.12524457,0.015686205,-1.4092576492382667,19.297801749921344,0.12525792,0.010804521276595746,0.015689548,0.06739484,1.841095,270.0725069167817,377.16675980139394,474.3020538744238,619.660136256467,16.459616585941262,4.878962968166832,514.2121010638298,833.7690939519339,0.6070359,0.48774672,0.1663376,0.29846296,-413.6873,51.885868,8.778266,13.655818,5.331678,126.83226,67.817024,15.679839,18.37803,11.443635,3.0,104.16666666666667,0.7759539,1,0.7759539,2.3116035,Tutup
-0.0021000677,0.17156361,0.029434074,0.4855878428013859,11.195234224595575,0.17157647,0.007267079454787234,0.029438486,0.09393563,1.8990479,208.7228759724954,331.66748726240036,361.0992786731583,540.8007858419671,17.598438537256968,4.6395270550800545,370.6781914893617,672.2968208850376,0.6705768,0.46961978,0.09177929,0.23427314,-387.24152,46.787968,9.671322,5.1430874,1.887111,110.70496,69.109634,18.823063,11.965295,8.667075,3.0,89.28571428571429,0.59833616,1,0.59833616,2.170301,Tutup
-0.0020875446,0.13566698,0.018405529,-0.7946199140116589,15.90584363115233,0.13568303,0.009999376662234043,0.018409884,0.07129065,1.8648071,321.1682220956066,368.13934974958147,588.1938427302679,633.2110120100559,16.610958962542476,5.353267550207605,599.1522606382979,785.584738552131,0.5112779,0.49924082,0.20662913,0.32552928,-403.1822,63.42229,12.699513,12.610724,6.618038,121.56586,68.79176,18.604359,15.428453,9.595838,3.0,98.6842105263158,0.8878443,1,0.8878443,2.5369346,Tutup
-0.006883524,0.10223505,0.010452005,-0.6203315899401849,28.026878286574565,0.10246653,0.01427962932180851,0.01049939,0.054779667,1.9274292,497.9528844400685,462.93775629009997,880.6263401536378,764.1100306556037,16.369007669937876,5.213860279015872,1135.5551861702127,1229.7777829484244,0.3946452,0.48772594,0.3052817,0.3392844,-378.15027,70.66041,12.342529,24.17337,11.488242,130.60448,61.63647,18.743195,20.489134,11.677018,3.0,156.25,1.0332564,1,1.0332564,2.1601346,Tutup
0.012346723,0.14350367,0.020593302,-0.0425898211047276,16.220682839550804,0.14403383,0.019390999002659573,0.020745747,0.080482356,1.9619446,464.6788551496395,433.9152044685727,779.5828664970011,699.3411772596817,14.940451792895853,6.762667587086609,1068.8996010638298,1099.5996467637992,0.42660716,0.49350125,0.3081302,0.34783596,-346.82556,71.22512,7.9265394,23.925724,4.255909,152.58456,64.55362,11.225393,21.420856,6.5104756,3.0,187.5,0.91627663,1,0.91627663,1.7696551,Tutup
-0.009339347,0.11664862,0.0136069,-0.5870941250990351,20.494088046152633,0.1170219,0.028143700132978722,0.013694126,0.060575258,1.9147949,838.8906514480198,417.1379384581173,1372.821950115028,548.3095040505702,17.706284504041466,5.968750273960186,1821.6422872340424,1136.610150261388,0.07860085,0.26142314,0.47579226,0.3245729,-335.0711,107.993286,22.500141,28.485582,13.989818,82.37353,42.228535,14.740303,11.832369,10.116243,3.0,89.28571428571429,1.3134613,1,1.3134613,2.2261062,Tutup
-0.002502519,0.12831785,0.01646547,-0.8406753741448766,15.888725284454589,0.12834224,0.013895237699468085,0.01647173,0.06380123,1.9699097,327.88971792736015,433.6904495832506,573.5367876975856,676.3761992362208,15.749040140975401,5.65870877069943,638.3809840425532,1021.9401544095315,0.5329072,0.49794856,0.17575817,0.3116154,-410.37933,61.211987,17.028278,13.239555,6.784255,114.18929,70.07972,22.672142,15.214243,10.291349,3.0,78.125,0.83110315,1,0.83110315,2.419371,Tutup
-0.004372694,0.11336108,0.012850734,-1.1537249583067872,25.952147586852213,0.11344539,0.008976063829787235,0.012869855,0.0646296,1.9476013,303.1622482518387,379.0306136316719,541.8988753323634,674.399334101882,16.332712860105236,4.143365852892544,639.0458776595744,878.8381547108053,0.5749159,0.49390465,0.20571774,0.32270297,-419.64587,53.608887,10.077517,14.211055,5.2785835,111.95478,67.817024,17.689837,17.19801,11.119328,3.0,156.25,0.758857,1,0.758857,2.1979997,Tutup
-0.0022092005,0.11944265,0.014266547,-0.37233398676547014,17.952704045944014,0.11946307,0.022170046542553192,0.014271426,0.058943182,1.9743958,712.9102356243064,566.843279538255,1120.246075732742,700.4071180870815,16.923382011665193,5.846886207863688,1571.1436170212767,1388.8867240287552,0.22143926,0.40651375,0.38804877,0.3564053,-360.3534,90.95171,15.742702,23.305834,12.580986,108.991,56.33707,17.886131,15.785498,11.963732,3.0,81.52173913043478,1.361871,1,1.361871,2.9420764,Tutup
-0.000106773376,0.13701485,0.01877307,0.5900944911316536,11.560156832928717,0.1370149,0.04419464760638298,0.01877308,0.06109508,1.8908997,775.9815655409107,852.1011757116876,922.4529034312611,833.1172324459851,17.600791991100508,7.403334880010472,1520.6948138297873,1840.5152114751927,0.4149003,0.47541392,0.29481527,0.3261105,-328.61502,73.68663,9.315745,8.759438,-6.611883,185.94057,69.957886,25.730589,19.134836,13.243797,3.0,144.23076923076923,1.1724712,1,1.1724712,2.5864284,Buka
-3.820737e-05,0.07411452,0.005492962,2.2909495186341053,41.96574108623194,0.07411453,0.015973030252659573,0.005492964,0.03574726,1.6252747,289.44051846442255,537.2770942116342,384.8028972981534,694.181363147422,16.644082120032067,4.2708003517086075,552.7759308510638,1135.8512790088594,0.75817674,0.42496073,0.11694633,0.25421116,-475.15915,30.753466,3.7294538,-0.953394,-2.6765587,163.57832,55.491295,13.539087,12.513189,10.138951,3.0,267.85714285714283,0.6377286,1,0.6377286,2.6556358,Buka
-0.00010742124,0.10346161,0.010704304,1.7276059290161727,29.077728525174027,0.10346165,0.016648312832446808,0.010704314,0.056968946,1.7461243,283.86108449753345,503.9386066808752,369.1625785626107,632.9165958924727,16.64136493410267,4.84900443845949,486.28656914893617,956.2649152905047,0.7363716,0.4380384,0.09512773,0.22243322,-434.95694,36.885136,1.4119503,-1.2466288,-6.19898,162.28032,62.398308,13.820612,8.756652,13.802702,3.0,208.33333333333334,0.70420754,1,0.70420754,2.5009546,Buka
-0.00010909844,0.15403873,0.023727931,1.0048090728094532,11.69144419374475,0.15403876,0.027780086436170214,0.02372794,0.07765003,1.8936157,534.8154831201495,599.229319657091,777.1545397560664,794.878007855924,19.508438921074674,6.817136856123266,1031.9148936170213,1353.6255832277764,0.49246463,0.49690658,0.1920356,0.29893476,-349.1594,67.43844,10.733873,0.6140088,-6.4597845,189.68356,67.6036,17.789928,15.205866,10.688872,3.0,104.16666666666667,0.83352923,1,0.83352923,1.8384395,Buka
-6.930097e-05,0.108288586,0.0117264185,1.57096392410777,17.490166002464612,0.10828861,0.05375249335106383,0.011726422,0.047796246,1.7266235,893.4367857949577,842.7883091278032,996.2884544116739,850.4382446889458,17.163010819757876,7.052276770981752,1757.7293882978724,1814.9453075407134,0.4151461,0.47237515,0.28850862,0.3287157,-377.4025,68.30942,0.7958843,1.0425466,-5.8423157,174.78487,61.910664,25.15225,13.52482,11.879973,3.0,144.23076923076923,1.0397102,1,1.0397102,2.3446276,Buka
-7.4040734e-05,0.08942499,0.007996828,1.7664127170460049,23.621010711437897,0.08942502,0.02274663397606383,0.007996835,0.038338542,1.5783997,359.8652213876711,430.67352411337384,537.6495174481662,621.5781208558885,17.3260878981136,5.138762064513089,593.0019946808511,792.7265993440135,0.5328673,0.49796957,0.23389322,0.32053486,-416.02597,73.673676,8.523299,7.809395,-2.802607,168.11577,82.75216,17.756874,17.50676,13.76713,3.0,144.23076923076923,0.82903767,1,0.82903767,2.0341399,Buka
-7.505862e-05,0.11655732,0.013585609,1.31703210122512,12.296394262826745,0.116557345,0.027655418882978722,0.013585615,0.045788992,1.6763,509.0637947345571,532.0717418847017,768.5104077389586,714.3112907528105,17.74094623234684,7.701167222323205,889.5445478723404,1146.6792750919476,0.4282495,0.49216247,0.22833538,0.3149911,-371.55173,81.92653,15.692746,9.0234375,-7.984366,163.05806,74.27292,24.661034,15.2149725,18.407022,3.0,93.75,0.8735376,1,0.8735376,1.8715858,Buka
-5.278651e-05,0.08932478,0.007978916,2.068186223186379,34.62472979916233,0.08932479,0.02493870511968085,0.007978918,0.046636548,1.7811279,394.4838624734619,549.5898150064304,536.0490905120458,704.3771277597675,18.41207061120129,5.008925338678567,744.0159574468086,1185.9638597670469,0.6088543,0.48551852,0.18227802,0.295032,-420.0039,54.982277,7.817315,3.5445483,-6.769395,153.52162,69.754234,23.28011,12.895896,18.699287,3.0,187.5,0.71831596,1,0.71831596,1.8491462,Buka
-4.4527053e-05,0.10116628,0.010234616,1.8793332276608765,24.736472184936908,0.101166286,0.020855842752659573,0.010234617,0.050107114,1.6525574,373.0114789465817,561.5708461562642,490.19422698690755,712.5539555543688,18.347968392011644,5.3300152337305535,716.0073138297872,1163.7119877416387,0.672488,0.46691644,0.13032088,0.25729343,-409.0709,43.310062,2.9086118,0.028497007,-7.6345305,171.29642,62.666134,20.534805,8.354193,15.553543,3.0,187.5,0.7879933,1,0.7879933,2.4351125,Buka
-0.00025262134,0.1063059,0.011300944,1.7381090710592926,28.73659042989202,0.10630619,0.015360081449468085,0.011301006,0.05974031,1.7712402,289.01202381302005,542.6017077596144,348.66952912080745,631.6535805726373,17.02526096799468,4.3032322015052635,555.0199468085107,1101.024745012595,0.7582972,0.42473063,0.09574881,0.23132448,-438.4931,32.905476,-1.042886,0.565092,-5.007304,166.61098,59.109673,15.353316,8.218342,12.661262,3.0,267.85714285714283,0.6391147,1,0.6391147,2.5057044,Buka
-0.00013820967,0.123643465,0.015287707,1.871114314528856,13.175061196183604,0.12364354,0.029883851396276594,0.015287725,0.053448126,1.5726318,657.6778810216341,570.2563933697821,899.4139054908954,741.1970609947721,17.61808935518329,8.248582809525931,1385.8876329787233,1385.0538627640542,0.37524536,0.4812322,0.27095807,0.32257357,-335.31183,81.838,2.605948,13.859257,-6.2664313,197.67975,65.75061,21.305819,19.275808,15.132863,3.0,110.29411764705883,1.028462,1,1.028462,2.177969,Buka
-8.082453e-05,0.11117442,0.012359751,1.4603833505085828,17.57391790287737,0.11117444,0.025530875997340427,0.012359756,0.050485782,1.8414917,454.59494880052097,561.086028629877,619.3002634611556,713.9999222742262,16.310262747002383,6.6595861421558435,821.4760638297872,1180.1288217449387,0.5450791,0.4954723,0.18372177,0.29162353,-393.09296,61.759712,7.504175,4.6997404,-11.104957,177.37993,69.02737,20.184956,17.890343,20.970211,3.0,156.25,0.748566,1,0.748566,1.8886113,Buka
-5.6934994e-05,0.101240665,0.010249672,0.5069295270592498,18.7089500455013,0.10124069,0.02897481715425532,0.010249676,0.043347627,1.8194885,450.6681711210444,556.0528757700464,637.1113363147977,759.0171048216108,16.056263466144333,6.366875238633498,852.7260638297872,1236.3796032623761,0.5554175,0.4947017,0.21355982,0.30641907,-401.40042,60.390873,6.426306,3.880386,-0.5178653,180.57103,70.54112,17.714752,19.201958,10.924364,3.0,133.92857142857142,0.78942937,1,0.78942937,1.7758417,Buka
-8.159383e-05,0.11142834,0.012416276,1.8743369075616112,15.537219534068182,0.11142837,0.022305103058510637,0.012416283,0.047495317,1.6946106,424.7289328492655,587.9430658158653,603.2213122472594,746.9523989200329,16.427551434104767,6.479634515033208,803.7732712765958,1395.7032175245024,0.5556611,0.49447694,0.19460598,0.29987144,-409.6419,64.696365,8.282628,6.4393864,-1.4142613,188.56354,76.03756,23.086792,15.382075,14.800593,3.0,125.0,0.8418891,1,0.8418891,2.3301957,Buka
-5.166753e-05,0.10412643,0.010842314,1.7448979860751348,17.703107914218705,0.104126446,0.0384028008643617,0.010842317,0.044506654,1.7069092,643.4281280231766,624.8194793050953,891.059073719962,806.0776588993882,19.72588383619134,6.1721076253783265,1154.9202127659576,1263.1624148752255,0.44269362,0.4903644,0.26232773,0.32775953,-377.09137,69.26168,5.176646,5.6788783,1.8527874,163.36363,63.075512,24.530632,15.144962,14.055669,3.0,125.0,0.7323658,1,0.7323658,1.4345957,Buka
-4.2197546e-05,0.07152532,0.0051158713,2.7514467662116275,36.864529507680324,0.07152533,0.0182378241356383,0.0051158722,0.031230524,1.5583496,320.80838830465433,467.3798533967468,457.9365458398652,652.066044202188,18.22113866718284,4.458514473866937,522.5232712765958,848.1579172781599,0.66091883,0.47199017,0.14812228,0.275005,-457.16812,46.312008,4.0263166,2.5536108,-3.7367606,162.12718,65.13861,17.556414,13.458869,13.603392,3.0,267.85714285714283,0.5514923,1,0.5514923,1.5584178,Buka
-2.957344e-05,0.068349,0.0046715853,3.1732886679819385,39.97608938916314,0.068349004,0.01900660738031915,0.0046715867,0.029840555,1.4368591,322.35007951119945,518.5364158254912,471.7938565508174,733.8648425294508,17.141508857317035,5.46886452138565,563.3311170212766,1097.2371912484823,0.69336164,0.45910695,0.13329361,0.26801893,-489.4691,42.631493,6.4208136,-0.99372375,-2.4372787,172.2491,64.839615,20.820354,11.052654,10.236633,3.0,156.25,0.63294595,1,0.63294595,1.9658872,Buka
-6.882922e-05,0.08648345,0.007479387,2.8092588078839875,32.17162873369153,0.08648348,0.020850648271276594,0.0074793915,0.042136095,1.5973511,341.5186339147638,525.5153276567539,479.9688159111428,705.2566607645625,17.728750851665467,5.058079152326637,643.4507978723404,1162.411841875478,0.6618218,0.47080687,0.16084127,0.28623515,-449.54306,48.6926,5.165485,3.1911576,-4.6121616,173.61334,69.81052,19.344654,10.958489,14.607263,3.0,208.33333333333334,0.5364385,1,0.5364385,1.4187951,Buka
-5.1460902e-05,0.07380645,0.0054473924,2.767754596415146,36.68933129342129,0.073806465,0.026413937832446808,0.005447394,0.03309846,1.5448914,422.15968297464985,587.1136706167138,589.058059276618,745.6124503202199,16.945162025349063,5.223801240262118,802.3603723404256,1302.4793540098067,0.5888235,0.4883793,0.21038629,0.3087523,-442.6735,54.31109,9.004212,8.068281,-3.0731514,181.87674,66.62596,19.833805,19.331137,15.619966,3.0,208.33333333333334,0.76927966,1,0.76927966,2.3044865,Buka
-5.404663e-05,0.10005484,0.010010971,1.0559039742282057,22.32694038468359,0.100054845,0.02315699800531915,0.010010973,0.04647014,1.678894,443.78794174505197,537.0699257965174,623.6369340912481,697.1326809895135,18.04291757393264,5.538518600040712,797.5398936170212,1094.4827164206263,0.5444608,0.49612296,0.1952714,0.29874992,-401.1633,61.417507,5.059558,3.5769372,0.026796382,168.87816,68.15979,21.519157,17.000788,13.473395,3.0,144.23076923076923,0.8756279,1,0.8756279,2.6842132,Buka
-0.00010193571,0.09293796,0.008637465,2.3010322344331473,27.139985482545775,0.09293802,0.023593334441489363,0.008637476,0.044458754,1.5991821,410.59791434641915,485.4996307995348,611.9757052629998,713.3934491499646,18.164233998382716,5.134174122194599,764.3783244680851,1030.257409857237,0.5548037,0.4953773,0.1961671,0.30373472,-420.92545,60.369587,10.608562,7.880078,-4.7777767,158.37605,69.26244,20.73134,14.40532,17.220861,3.0,156.25,0.8276789,1,0.8276789,2.0999775,Buka
-4.4035594e-05,0.06920949,0.004789954,2.8325157514359605,34.98060083682845,0.06920951,0.016128864694148936,0.004789956,0.028538639,1.4579468,263.92679479496854,478.4600572772789,337.4036535820157,575.6391825894144,16.913216879495607,4.456263880666942,430.76795212765956,881.7310921146674,0.7358006,0.43898913,0.08082951,0.20829615,-489.2146,37.579403,2.3953328,-0.41300783,-6.8160253,153.67473,63.188576,18.921753,7.91806,17.279337,3.0,170.45454545454547,0.6318314,1,0.6318314,2.0374477,Buka
-0.00014475631,0.13676617,0.018704982,1.2711247782724169,9.152701096202378,0.13676624,0.0383560505319149,0.018705003,0.05347624,1.643219,701.5979786740401,605.6716835457012,1025.8361553846871,745.1952397616219,19.377312652080764,8.409387918727063,1152.2606382978724,1301.783692369285,0.314229,0.45845854,0.25041184,0.3149931,-317.51834,90.17076,18.220377,4.586305,-6.969845,165.29137,64.09998,27.00553,19.619562,16.304209,3.0,75.0,0.99197686,1,0.99197686,1.6614656,Buka
-4.6787263e-05,0.09935885,0.009872181,1.8642875303835078,23.424236956152445,0.09935886,0.01977019614361702,0.009872182,0.046995178,1.5809631,384.31388201197143,565.2868408806536,567.817051663538,810.1104751678953,18.579456711720418,5.752698935497765,684.9235372340426,1191.9547363526372,0.6623439,0.47007358,0.13746254,0.26750684,-433.2183,43.169353,12.350822,-1.1356292,-4.7559223,163.1555,61.026836,26.462397,10.064646,12.2632675,3.0,125.0,0.58957446,1,0.58957446,1.8699033,Buka
-0.00014874268,0.10257997,0.0105226515,1.3089405071127942,14.118465137572441,0.10258008,0.030465633311170214,0.010522673,0.038286235,1.5196533,571.5326800486818,643.5482221792676,766.128430008617,820.269936572123,18.159598884865254,6.452858111264784,1096.8251329787233,1388.888009664306,0.5252614,0.49545875,0.19699034,0.29609025,-389.2425,60.744225,7.8610406,-1.9528711,-7.9255977,190.08815,64.405624,23.107347,8.08281,12.539098,3.0,89.28571428571429,0.75239426,1,0.75239426,2.2832592,Buka
-6.649844e-05,0.10101653,0.0102043385,2.4799970958759032,25.625976819043238,0.10101655,0.0169184258643617,0.010204344,0.050884303,1.58844,360.8847988036947,523.5119094346522,536.6160755026957,761.1568641688533,19.95440211814455,5.027147161564652,662.5664893617021,1055.3972669605294,0.66110945,0.471726,0.13794392,0.26362544,-429.98544,45.201805,7.0278893,0.9877798,-2.6801488,165.11845,63.656555,15.621285,10.530393,12.037192,3.0,156.25,0.7730581,1,0.7730581,2.5000026,Buka
-8.2288105e-05,0.09947675,0.009895624,2.2640170576024947,24.338169081284136,0.09947678,0.019058552194148936,0.009895629,0.0480516,1.6377563,363.8934264086891,501.2518169185594,540.0856971605006,730.0008330084798,18.66508724192607,4.985898913708675,663.1482712765958,1025.1749354475803,0.63994354,0.47831804,0.15445206,0.28288284,-429.16858,47.816612,9.217228,1.9298177,-4.023,159.58864,64.76864,18.55125,9.320223,12.219035,3.0,144.23076923076923,0.7758493,1,0.7758493,2.2746782,Buka
-8.271662e-05,0.103640944,0.010741445,2.10479699550583,21.49971342303239,0.10364097,0.0198481133643617,0.010741451,0.04884622,1.6130981,379.4776025095975,530.746561443501,551.4482475378743,742.949745697993,17.1848136747937,5.5201216949860745,707.9454787234042,1101.8690312996084,0.6296485,0.48086315,0.15679888,0.28333342,-421.9665,51.15072,6.670956,1.5238725,-2.1388032,172.1411,68.11186,13.925897,9.229959,10.43495,3.0,125.0,0.8222015,1,0.8222015,2.510126,Buka
-4.751587e-05,0.08870651,0.007868844,2.4936388816648645,31.762955604346157,0.08870651,0.014653631981382979,0.007868845,0.044002667,1.6720276,280.7442674432374,482.5950135585417,401.8854985721902,673.323947780204,18.09103410502349,4.286520973942051,522.6063829787234,995.4473667281525,0.7250096,0.4447373,0.117826425,0.2546635,-452.4498,37.335377,5.805917,1.9705765,-4.1720963,158.2053,62.374973,14.008684,9.942619,13.225291,3.0,208.33333333333334,0.7283635,1,0.7283635,2.4555602,Buka
-5.2693686e-05,0.08732412,0.0076255016,1.8544322462382457,31.7002844942317,0.087324135,0.0170171210106383,0.0076255044,0.042621687,1.6755371,335.20852254849933,640.8672347339555,403.9126164633918,726.3142891671681,15.589609534774876,4.9260559673436335,641.3730053191489,1294.442988657792,0.76134425,0.41985616,0.10165913,0.23757619,-466.71036,28.503677,3.4773254,-0.0019401236,-7.451611,171.19255,52.343044,13.983136,8.266464,15.919623,3.0,208.33333333333334,0.5616958,1,0.5616958,1.7862595,Buka
-4.9590428e-05,0.08860868,0.007851499,2.325669079363027,29.459453242065955,0.0886087,0.019063746675531915,0.007851501,0.0422321,1.739624,371.4168062966207,564.3045192771099,522.8605173089398,747.8560463649284,16.484086751724416,5.4535096861436365,669.4647606382979,1150.23911697812,0.66221035,0.4702494,0.14092591,0.27219754,-445.56506,44.395226,6.897653,0.7292077,-3.326098,164.84569,63.021294,17.95171,9.730058,11.496324,3.0,117.1875,0.73426616,1,0.73426616,2.3069406,Buka
-6.442515e-05,0.11382132,0.012955293,-0.34805859733828254,21.560303265464068,0.11382134,0.026632106050531915,0.012955298,0.058928147,1.9881897,456.1622602292566,620.768483999045,597.5848546410892,768.2206868706912,17.355923836336075,5.935664216900352,899.6010638297872,1367.498994457626,0.6003276,0.48532635,0.15884976,0.27787158,-407.2387,53.73044,5.5778575,0.28047675,-5.32389,169.55592,68.362144,18.073015,8.706948,11.650695,3.0,89.28571428571429,0.8351341,1,0.8351341,2.659988,Buka
-9.493955e-05,0.11669954,0.013618783,0.9949026937311096,18.92032809933671,0.116699584,0.02608149102393617,0.013618792,0.05781025,1.9853821,463.0622887606104,544.2426598515506,650.3855219114391,721.5435288457231,18.106192434736325,6.158697917760281,855.8011968085107,1146.0415334126183,0.5021109,0.49791247,0.22049133,0.3194064,-395.4282,73.75679,10.094282,4.0224423,-4.7114525,172.95477,80.16158,23.303556,11.314728,14.65282,3.0,144.23076923076923,0.87366617,1,0.87366617,1.9975901,Buka
-3.7029902e-05,0.079376176,0.006300578,2.571614560636231,38.530974675650455,0.07937619,0.015915890957446808,0.0063005798,0.03909243,1.9585571,322.9604927805124,557.0180639242254,446.00955806957637,757.1467477802147,16.62710348912792,4.98610636935844,679.7706117021277,1269.0794228095529,0.7359796,0.4386364,0.11940147,0.25160074,-467.93094,33.11653,4.889799,1.118446,-4.1575193,173.16188,55.519505,15.737543,9.351341,13.041886,3.0,208.33333333333334,0.674916,1,0.674916,2.4832041,Buka
-1.9464493e-05,0.05205286,0.0027095,3.5295418217437753,54.78206880514688,0.052052863,0.014456241688829786,0.0027095007,0.02120326,1.5030823,267.41192700622884,489.1532800183223,365.4983725281647,652.3594563260478,15.791973628288703,4.405891465533479,482.2972074468085,960.3495754956983,0.7568119,0.4272879,0.09225499,0.22236206,-510.9366,32.417686,5.1259108,-1.2751832,-4.4893193,152.39499,57.358448,17.65092,10.331674,14.552114,3.0,208.33333333333334,0.6228945,1,0.6228945,2.1980474,Buka
-3.2536187e-05,0.07616723,0.0058014477,2.3339547663754896,41.33190936818435,0.07616725,0.01924555352393617,0.0058014495,0.0373984,1.7303467,321.26665140204716,539.5644605083046,427.52086474782186,701.8270472288165,18.562278091169148,4.698157443166954,566.904920212766,1075.9900220976265,0.72514194,0.4445205,0.103543915,0.22905427,-461.67834,36.908703,4.369714,-4.569728,-6.632105,160.5707,60.246124,17.184805,10.177113,17.29259,3.0,170.45454545454547,0.48447767,1,0.48447767,1.7454087,Buka
-3.963407e-05,0.07788817,0.0060665663,1.0004382713037636,31.119847897977557,0.07788818,0.017915766289893616,0.006066569,0.03375726,1.8139648,336.1285787517534,533.1545724802827,461.3860091027609,672.5854155326972,13.991797869886264,6.3757517299419915,604.0558510638298,1115.3221557064346,0.66235065,0.4700829,0.12880582,0.25764176,-453.96036,48.1962,6.863702,-0.44387883,-5.813845,161.95665,68.79029,17.952023,12.27804,15.319046,3.0,110.29411764705883,0.6803807,1,0.6803807,1.9953593,Buka
-2.2953034e-05,0.08715192,0.007595457,1.8480091589383087,46.056741899973936,0.08715192,0.014331574135638297,0.0075954576,0.051432595,1.9293518,269.0788935191914,532.5315369059018,367.2949790636949,690.3730325344037,16.83937643592782,4.177688644528781,522.1077127659574,1184.8629988656096,0.7684482,0.41899586,0.08463323,0.21330437,-462.0494,30.666351,6.266925,-1.3084604,-3.2656922,142.22192,56.685642,17.261627,9.242509,11.051569,3.0,234.375,0.5453694,1,0.5453694,1.7204329,Buka
-4.9120586e-05,0.11232624,0.012617185,1.6415137261568888,15.263057388304636,0.11232626,0.02559320977393617,0.012617188,0.047805753,1.6181335,468.6458082067687,590.0629281308755,626.057805851818,722.2462421321064,19.328396491039207,6.380105699300107,860.9541223404256,1222.527103944238,0.55637944,0.49370354,0.16701344,0.28531125,-402.95163,61.578957,6.3853,-1.4468466,-12.400229,189.08107,69.93426,22.168095,8.248954,19.557323,3.0,93.75,0.68603605,1,0.68603605,1.9575593,Buka
-1.5618642e-05,0.058678538,0.0034431708,1.4493667077597203,53.44854621457759,0.058678545,0.013619930186170214,0.0034431717,0.025985183,1.9100952,240.0827299677404,489.28223351129554,327.5794104305825,620.0368946505188,11.70292900696309,5.9388070166379245,443.65026595744683,1013.1002991807188,0.76823264,0.41936958,0.101773016,0.23442173,-516.7441,33.183846,5.9592037,0.037229415,-4.752449,159.9613,61.80429,18.215147,9.895049,15.808508,3.0,234.375,0.6004183,1,0.6004183,2.0567625,Buka
-1.3492584e-05,0.049548935,0.002455097,3.286732239888649,53.6773111444182,0.049548935,0.014352352061170214,0.0024550972,0.019265724,1.7947388,268.9960058159173,501.59714278121106,360.7194084023968,649.4869520477623,16.021200686903956,4.311818664714886,510.2227393617021,1055.3798866204472,0.7570067,0.42695606,0.093679085,0.2250463,-521.11584,32.7918,4.2198195,-0.9896299,-5.1872683,165.6325,58.550106,11.767775,10.523397,14.563438,3.0,234.375,0.53345466,1,0.53345466,1.8490199,Buka
-4.1607538e-05,0.080979034,0.0065576043,2.1123002112551914,29.879918457768703,0.08097906,0.018606632313829786,0.006557607,0.035659395,1.7388916,346.62829885722124,542.0551807272378,475.76936580662533,700.826265439183,17.476024358187296,4.94693834077419,631.8151595744681,1114.3605863673768,0.67255294,0.46683478,0.13315004,0.2608994,-457.88187,45.238026,8.728335,0.20033434,-6.7724075,161.73764,66.50394,21.623177,12.07047,16.240482,3.0,110.29411764705883,0.7108858,1,0.7108858,2.2997403,Buka
-2.8811774e-05,0.052152254,0.0027198575,3.627313394769419,47.97637146031257,0.052152265,0.021458402593085107,0.002719859,0.019885432,1.4641724,369.6665797413116,573.4613750054324,487.5800276404349,719.6784180457678,15.354066762241663,5.0711327127548795,677.1941489361702,1165.0311084898162,0.67369217,0.4652497,0.14299084,0.2695637,-494.19714,43.137672,4.9779677,2.2340844,-6.8801427,173.1666,63.454605,18.543787,13.065634,16.85828,3.0,170.45454545454547,0.6809387,1,0.6809387,1.866445,Buka
-7.168834e-05,0.09679861,0.009369972,1.7048012513002104,27.6487446241075,0.09679865,0.0283930352393617,0.009369979,0.048650462,1.7826843,504.9520283205572,567.6968222603894,722.0935849763277,764.984020271121,19.013159426483625,6.332723568923421,909.3251329787234,1191.941024951772,0.50280803,0.4972379,0.19279307,0.29081675,-384.34705,67.25649,9.475998,5.375554,-6.8533015,152.41129,69.85477,22.165104,14.101954,14.71738,3.0,125.0,0.8533933,1,0.8533933,2.003921,Buka
-1.48658755e-05,0.057156112,0.0032668211,3.010102361544548,48.79823730002714,0.057156116,0.012253781582446808,0.0032668216,0.0236405,1.5421753,224.46847414162696,455.01420408216455,308.4958403997473,587.037738351104,14.38511074199634,4.857499808187368,447.1409574468085,990.6178853583768,0.7780948,0.4137562,0.102030925,0.2405687,-548.3623,31.394667,5.3164415,1.5796796,-5.8191595,168.35298,59.70066,16.79835,11.184968,16.922646,3.0,234.375,0.6098168,1,0.6098168,2.135334,Buka
-0.00012678909,0.14810404,0.02193481,0.9007641256995197,10.072565955459599,0.1481041,0.032262923869680854,0.021934824,0.06613415,1.7668152,583.9588751996126,548.0740256320048,860.8851561353953,775.7015122625322,19.337570373366187,7.2434347376941695,1020.4454787234042,1159.8995303393965,0.42789906,0.49241966,0.19231552,0.28714842,-344.93768,79.13688,9.332537,4.4608355,-4.9536347,188.08026,70.74833,23.442846,15.119467,22.449982,3.0,104.16666666666667,0.9051364,1,0.9051364,1.9283861,Buka
-0.000112065,0.13462839,0.018124804,1.2542522016533173,15.600462675823382,0.13462844,0.02429458942819149,0.018124817,0.06935852,1.7421875,419.70930974286586,459.1672637109397,626.7497430224208,646.4523701021213,18.966682430018786,5.95396064953383,670.0465425531914,868.6010629706622,0.48014125,0.49820527,0.23537926,0.32119483,-367.854,75.84555,10.23198,8.636067,-3.4499876,158.67778,76.70849,23.505896,21.127783,15.963261,3.0,187.5,0.8626051,1,0.8626051,1.9663146,Buka
-0.00012277349,0.1733057,0.030034868,1.1067096743171199,8.400955294959042,0.17330576,0.03158244680851064,0.030034887,0.08174303,1.9812317,534.8554603057834,514.0084706198895,803.8718442544719,724.1907174996549,17.875583599486685,8.741501172184377,848.6535904255319,1043.9663815579563,0.39657137,0.4863638,0.22470407,0.3148399,-337.5993,90.26602,17.363714,10.586657,-9.607602,171.1251,78.51863,28.515951,14.563181,17.094465,3.0,93.75,1.0087416,1,1.0087416,2.31504,Buka
-9.690984e-05,0.13564794,0.018400362,1.7493294209403556,15.538719528667556,0.13564797,0.024954288563829786,0.018400371,0.07025859,1.8995972,440.67679986145725,537.8423033390078,653.1379707689786,761.0041935953948,16.853904051575043,7.342667494952196,759.2253989361702,1134.784807914747,0.5234674,0.49730107,0.21472989,0.3086264,-397.43027,75.19657,12.103293,2.6869316,-5.520739,187.3148,84.775665,24.449081,12.550907,13.776855,3.0,156.25,0.9158015,1,0.9158015,2.2847207,Buka
-2.0914078e-05,0.073534384,0.005407306,2.445334966398313,39.0806461922002,0.07353439,0.011713555518617021,0.005407307,0.03394757,1.7246399,275.1357799838401,566.7393346131427,341.7323598991281,643.0063201014282,13.618410599158626,5.020942714659609,539.7273936170212,1170.4316574586935,0.76867646,0.41856885,0.08238755,0.20816438,-486.70288,28.047186,7.139186,7.735423,-6.232359,136.33717,53.47063,15.19507,16.243492,12.977325,3.0,144.23076923076923,0.5189837,1,0.5189837,2.0262382,Tutup
-2.8662364e-05,0.09345494,0.008733827,1.9836543265680033,28.158048889783977,0.09345496,0.013282288896276596,0.008733829,0.045821182,1.7223206,258.7866881791414,457.4892387483047,360.53041204866815,596.0205755968251,16.25638676765828,5.537364153474127,461.9348404255319,959.9871471184155,0.7144394,0.4498863,0.082660176,0.2114761,-443.3598,39.51813,9.237922,2.5577314,-6.678873,125.73815,64.68333,16.509901,6.8164167,12.771853,3.0,110.29411764705883,0.58026326,1,0.58026326,2.2805488,Tutup
-2.4112065e-05,0.0825458,0.0068138097,2.608247928840905,43.47627347006413,0.08254581,0.009453956117021276,0.00681381,0.04489346,1.6844482,208.3514665477022,520.3338564334871,265.3200071863382,602.6079305697608,16.5040156197205,4.132589926946191,412.15093085106383,1094.9554563984811,0.8319981,0.37112623,0.059973467,0.1850491,-490.01,19.895739,6.413369,1.7396773,-4.748862,137.7083,45.912518,14.501602,5.202703,12.112739,3.0,312.5,0.39068738,1,0.39068738,1.6957014,Tutup
-3.1225205e-05,0.08293903,0.006878882,2.1603217780229826,34.457513314084686,0.082939036,0.013084898603723404,0.006878884,0.040217906,1.7241211,287.3887449345369,544.6220677103819,384.0506269210461,659.9160747504118,15.657799470371298,4.827249286520145,545.5452127659574,1142.8876284512735,0.73684686,0.43729788,0.089589424,0.21641542,-446.53018,33.424786,8.457876,4.270895,-5.1381483,132.2043,57.67562,16.597286,9.31398,11.262583,3.0,117.1875,0.6652844,1,0.6652844,2.6454346,Tutup
-1.8419265e-05,0.08075196,0.006520879,3.1119968626765946,48.14764025101721,0.08075197,0.01139149767287234,0.0065208804,0.045308203,1.7052002,234.4913212589407,565.8289568602561,283.3368733651037,619.2297940049446,14.664631797269031,4.583087730346395,472.2406914893617,1154.424378758981,0.8217163,0.3795987,0.06245793,0.18876898,-481.7814,20.650034,5.286188,3.4442513,-5.501499,130.04797,46.44599,12.038857,8.6205635,12.919486,3.0,234.375,0.47554693,1,0.47554693,2.0131571,Tutup
-2.7559281e-05,0.0919517,0.008455114,2.527006734133354,30.888433464848298,0.091951706,0.01383290392287234,0.008455116,0.046554968,1.550354,298.9914416920422,571.3778565444154,382.50457645765493,670.2068606967979,17.12674828587476,4.9871507876709575,587.1010638297872,1185.5709839654517,0.7472976,0.43165976,0.09796537,0.23023914,-465.19382,31.111895,7.006604,5.8288355,-7.868757,145.7489,55.273956,13.305284,11.111918,15.426109,3.0,133.92857142857142,0.51392,1,0.51392,1.8854007,Tutup
-2.5447209e-05,0.08807732,0.0077576144,2.528980992781845,32.90944481258837,0.08807733,0.012960231050531915,0.0077576153,0.044193465,1.6535034,261.43351933501,523.0279195837896,352.4181363784957,637.4754471771275,19.26031424502008,4.408685323515556,469.49800531914894,1040.3159614936103,0.7581313,0.42517698,0.07582694,0.20639336,-465.4902,30.461605,8.553154,4.816074,-6.9722123,131.49352,55.91667,16.872707,10.480893,14.444486,3.0,133.92857142857142,0.53317726,1,0.53317726,2.0712605,Tutup
-2.139473e-05,0.07877518,0.0062055294,2.950186977416762,53.70261576368608,0.07877519,0.010518824800531915,0.0062055304,0.045640796,1.6492615,223.2434636718978,562.7388878085724,253.37290159715315,573.845707475156,18.341163070381292,3.3787362047236393,427.2772606382979,1085.091719291573,0.8323857,0.37023154,0.067743614,0.19805878,-461.10843,19.260489,3.6490283,3.4031057,-3.9898295,125.515656,45.220493,9.221384,9.36524,11.682556,3.0,267.85714285714283,0.4094593,1,0.4094593,1.7998979,Tutup
-2.4819692e-05,0.07199373,0.005183097,2.998065206572862,38.380039065567395,0.07199374,0.013926404587765957,0.0051830984,0.03228722,1.5646973,291.68329728454756,562.0400199220112,372.39922956841264,655.540184278252,15.695156398892605,5.522452556233079,553.9394946808511,1137.04733311928,0.7475105,0.4313716,0.089701615,0.22495696,-480.23407,33.2245,6.9893355,3.3186753,-8.5492115,145.84848,59.01741,13.25428,8.860534,16.043139,3.0,133.92857142857142,0.5762933,1,0.5762933,2.2188778,Tutup
-5.315717e-05,0.11628642,0.013522531,1.5365685272010274,15.920194039717448,0.116286434,0.01624833776595745,0.013522536,0.0523803,1.7192078,328.18967523177713,503.7005499269031,477.94816059764986,671.38205360925,17.773827936379448,6.299627445320211,551.4461436170212,993.2205639050766,0.65078664,0.47483462,0.09439224,0.22009204,-419.23553,47.742874,14.6858015,5.3720937,-11.166497,136.68114,66.97676,22.794987,9.337083,18.651669,3.0,89.28571428571429,0.57937145,1,0.57937145,1.8700182,Tutup
-3.2115302e-05,0.094367094,0.008905148,1.8209044778950936,27.148970184808764,0.0943671,0.013890043218085107,0.00890515,0.045832403,1.7391968,285.95141713904104,543.9883791727098,414.5256096170051,734.4495580105659,17.488790299919774,5.524016110307179,500.6648936170213,1061.2193443923309,0.7571141,0.42683518,0.0670261,0.19359772,-446.27988,28.284716,12.036341,4.270189,-6.4131036,129.24245,51.55749,21.891848,10.739202,12.733249,3.0,156.25,0.44207653,1,0.44207653,1.7063978,Tutup
-1.4302572e-05,0.0745437,0.0055567627,2.408588253553024,62.93008534841071,0.0745437,0.008757895611702128,0.0055567627,0.044442397,1.7738342,183.1301784624538,478.80891889895884,232.25402986669081,563.0757735728398,16.938731990275194,3.208425770931908,367.02127659574467,1022.3158155017945,0.85306185,0.35139787,0.055010755,0.1771511,-471.12085,16.762934,4.9470863,2.281218,-3.719791,114.29912,41.457108,13.037972,6.8802204,9.844433,3.0,312.5,0.36706126,1,0.36706126,1.7639315,Tutup
-2.3211162e-05,0.07711942,0.005947404,2.481420725403894,50.29387961312722,0.077119425,0.01168238863031915,0.0059474055,0.042353187,1.7251892,298.40956425103906,673.6855511470616,347.92323024991435,700.0067192725686,17.14857822675988,4.3387350073676,562.749335106383,1298.0452716047805,0.8009229,0.3956266,0.06756284,0.19280231,-470.28232,21.033278,8.689141,4.715062,-5.491898,130.54025,44.41319,19.224388,11.476211,12.269292,3.0,208.33333333333334,0.42250165,1,0.42250165,1.7615137,Tutup
-3.5536446e-05,0.10742572,0.011540285,1.7665812817838318,24.755365450443964,0.107425734,0.015858751662234043,0.011540288,0.056463625,1.7291565,273.47612926775804,523.1615092499256,371.8008950143694,646.4612924574377,19.134590469363356,5.0395679602861865,512.5498670212766,1093.3148937960764,0.7361189,0.43846068,0.07930658,0.21009508,-445.5554,34.47305,10.71264,6.1584816,-8.16129,127.79975,59.315266,18.86698,11.304159,15.060935,3.0,125.0,0.58487904,1,0.58487904,2.2020967,Tutup
-2.4295172e-05,0.092409216,0.008539463,2.4530441332434223,37.604222485940866,0.09240922,0.011214885305851064,0.008539464,0.052025806,1.6244507,234.24809085583757,561.9206768404467,298.6306381473099,648.6131582834179,15.28913969339041,4.748502575381142,447.8058510638298,1133.033276339033,0.8220861,0.3789231,0.05743181,0.17968996,-472.2291,19.876879,8.087937,3.9491158,-4.8521705,127.49221,44.185738,17.977293,9.346692,12.795584,3.0,267.85714285714283,0.4977427,1,0.4977427,2.248733,Tutup
-2.5629679e-05,0.096865006,0.009382829,2.6940957799345195,31.696231708944126,0.096865006,0.012892702792553192,0.00938283,0.052286368,1.6498413,255.79918084798993,544.5097047511737,318.85016297656324,611.152670478497,18.569040190050647,3.9993835300320333,493.6835106382979,1102.8775186804805,0.77894413,0.41226926,0.058105543,0.17178783,-460.98148,26.681599,6.2162943,5.6116123,-6.0904636,131.3376,51.770096,12.961356,11.727333,12.929286,3.0,156.25,0.44386697,1,0.44386697,1.826664,Tutup
9.4474155e-05,0.064923026,0.0042149993,2.0491464394362047,56.429736990174604,0.06492309,0.018253407579787235,0.0042150076,0.032271035,1.8542175,311.4809458632897,609.7315878659286,374.52604402291763,647.9856017193371,15.860427831706287,4.459584372954009,600.1496010638298,1237.0805100850766,0.727947,0.44039726,0.10657459,0.24408537,-474.1233,36.05741,7.9856687,6.905171,-5.672485,136.20567,63.51026,15.521671,13.911139,11.133427,3.0,110.29411764705883,0.7240771,1,0.7240771,2.6891775,Tutup
-2.7414322e-05,0.07582971,0.005750145,2.833156475593566,49.36078174630719,0.07582972,0.013427734375,0.005750146,0.040598445,1.6504517,305.24365056175327,567.8496157189187,391.24926112407195,643.8298754205375,15.481253086089835,4.858365512879919,582.03125,1173.774363911635,0.71606845,0.44742036,0.106990375,0.24437179,-446.74182,36.90712,8.093711,5.2076287,-5.8820095,131.84528,60.98979,15.214422,10.596648,10.748024,3.0,104.16666666666667,0.67147195,1,0.67147195,2.5369208,Tutup
-1.8075943e-05,0.077298746,0.0059750956,2.3303835004645883,46.04524715898887,0.07729875,0.011931723736702128,0.005975097,0.040671397,1.6150208,211.67080191236153,503.3480649468422,285.4797791156666,637.6970262843638,18.80956336298052,3.4400452107344344,454.3716755319149,1247.7026049595272,0.82104194,0.38093317,0.065361805,0.19527175,-473.98923,22.529411,5.616053,1.4572157,-0.9452297,114.51941,50.040676,12.702742,5.449422,4.3495517,3.0,267.85714285714283,0.4977516,1,0.4977516,2.3530207,Tutup
-2.7601878e-05,0.09343898,0.008730844,1.986794156260879,27.444225475898733,0.09343899,0.013240733045212765,0.0087308455,0.045200065,1.5971069,302.7378920427333,560.280085617741,400.27597262660515,654.978398439168,17.863944928224956,4.7541329246782675,567.9853723404256,1222.8655141484735,0.70564735,0.45211086,0.10176606,0.23265463,-435.10742,39.03579,10.788331,4.8331223,-4.5504155,131.08795,62.875526,18.40462,9.175691,9.477319,3.0,104.16666666666667,0.6150656,1,0.6150656,2.1917484,Tutup
-2.8905868e-05,0.088859595,0.0078960275,2.113557493386764,29.620793298937066,0.0888596,0.013697847406914893,0.007896029,0.04258963,1.6672363,279.3987739029733,551.9144646619119,356.87174583108055,636.6312086284341,17.644853095231536,4.540653351474805,518.1183510638298,1135.5068224390047,0.7486002,0.42957208,0.07835282,0.21015528,-448.7386,31.303698,6.4561844,3.2441387,-3.536534,121.54063,55.6923,12.9188595,8.334261,7.2310724,3.0,125.0,0.5422531,1,0.5422531,2.1446896,Tutup
-2.5245667e-05,0.08520071,0.0072591617,1.5102559354091207,35.14487222797015,0.08520072,0.013152426861702128,0.007259163,0.042829067,1.8623352,263.80254382639623,529.5300092680646,340.5424625699067,609.8181809338303,17.649159972211077,3.9309065717219123,484.29188829787233,1067.455890691897,0.74670905,0.4326494,0.07985225,0.20519535,-454.95187,32.533974,8.252801,5.0509477,-6.0593963,120.69223,58.28794,15.707102,10.16956,14.102106,3.0,125.0,0.5356768,1,0.5356768,2.1223478,Tutup
-2.6606878e-05,0.088063344,0.0077551524,2.372710471990354,37.31276963046677,0.08806335,0.015443193151595746,0.007755154,0.0471283,1.7190247,300.02787247409066,553.2380948520489,402.2731948783088,662.3600583159555,16.84932636782158,4.749592434010179,556.5990691489362,1135.436184756788,0.71530527,0.44860864,0.10367702,0.23828812,-449.40002,35.184483,11.211045,3.173773,-5.1336064,123.35422,57.628246,19.362856,7.52384,10.363639,3.0,110.29411764705883,0.5350486,1,0.5350486,2.0817225,Tutup
-2.597173e-05,0.09391683,0.008820372,3.0020797525351983,43.8561981544896,0.09391684,0.03527572307180851,0.008820373,0.05811854,1.7019043,677.0308283418444,717.3567645524495,787.1891844043189,785.219023676322,18.808604459805913,5.448906924511062,1391.5392287234042,1510.3432833385707,0.50033903,0.48976287,0.26250324,0.3287032,-370.90714,59.05795,0.73900306,9.268479,-6.999304,143.93309,59.853096,11.154111,10.929102,9.214149,3.0,267.85714285714283,0.7724712,1,0.7724712,1.7493256,Tutup
-2.682813e-05,0.09726072,0.009459648,1.8445718743937285,43.113518190968485,0.09726073,0.008612450132978724,0.009459649,0.061736997,1.8397827,207.9350098209622,548.6180674310132,254.7229136420135,594.3132392618691,11.799829770150923,5.1407392794430375,398.93617021276594,1047.5439028060243,0.8420027,0.36266264,0.05268254,0.17713876,-470.1364,16.34956,6.7620134,5.306841,-3.7547467,124.39225,39.90086,16.375729,12.872494,11.378932,3.0,312.5,0.3568113,1,0.3568113,1.6136725,Tutup
-3.1061172e-05,0.096798524,0.0093699545,1.8775232723982698,34.02421361368416,0.09679853,0.01646650598404255,0.009369955,0.054159097,1.7685547,305.5207137872408,581.4603798490436,397.1121812490901,666.448357386671,16.508285286077996,4.919518578603793,596.1602393617021,1215.9209327599988,0.72657466,0.44236803,0.10281755,0.24055666,-461.94235,34.373688,10.539464,4.724134,-6.084243,140.73071,58.49444,20.759571,10.540196,12.548063,3.0,110.29411764705883,0.6539716,1,0.6539716,2.4758484,Tutup
-3.8929622e-05,0.11063021,0.012239043,1.6344728559922144,22.261197064934763,0.11063022,0.016383394281914893,0.012239046,0.056627903,1.7090454,290.64728362594656,539.5444245449936,382.70023647227293,613.6370506307438,16.29372487905248,5.8053182077011884,509.80718085106383,1056.5800937787185,0.7043542,0.4539864,0.08879324,0.2190759,-438.16223,38.15084,9.526968,4.051727,-7.9311194,132.08815,61.315384,17.470093,10.3086405,14.503813,3.0,110.29411764705883,0.5130072,1,0.5130072,1.927518,Tutup
-2.5256475e-05,0.093877204,0.0088129295,2.268674980220508,35.822718848901175,0.09387721,0.012071974734042553,0.00881293,0.05234725,1.6784668,239.00496645138406,547.8750307310627,301.38836199534205,629.0102448637526,15.995571189720952,4.2797754036794196,467.42021276595744,1137.660799673341,0.8108841,0.38867238,0.067283586,0.19585235,-459.78793,20.612957,6.1913877,6.195172,-4.025162,124.77916,44.18052,15.208655,13.765798,10.164535,3.0,234.375,0.49252367,1,0.49252367,2.2327046,Tutup
-2.6985168e-05,0.0972638,0.009460247,2.3290397082448733,38.88338945402089,0.097263806,0.028138505651595744,0.009460248,0.05855829,1.7151489,522.9295311406339,662.2971449333359,636.8800247256466,755.2012836098083,17.304158179276442,4.993078815452468,1000.3324468085107,1379.6425996046996,0.5797047,0.4884703,0.16102682,0.27519014,-407.43948,49.82903,5.4964027,4.8223066,-8.465757,129.55063,59.60114,16.025198,12.214639,13.239083,3.0,267.85714285714283,0.6296647,1,0.6296647,1.7575362,Tutup
-3.0061086e-05,0.0890344,0.007927124,2.1451894060503953,30.9092725989021,0.08903441,0.01480946642287234,0.007927125,0.043705896,1.6982727,285.1830610651886,512.1844388610517,397.0204169976795,639.7930182138637,18.00873307220014,4.847554993557487,489.2785904255319,1010.3201165575945,0.7148076,0.44933844,0.07540382,0.20396969,-443.51312,36.77637,9.712664,3.6246426,-6.5807805,129.5897,59.48483,17.568104,7.679828,12.13724,3.0,110.29411764705883,0.6272456,1,0.6272456,2.3160143,Tutup
-2.1038055e-05,0.08471843,0.007177212,2.7011553476365946,42.297518369272154,0.08471843,0.01184341755319149,0.0071772123,0.046577808,1.620758,265.6556907154203,623.228333582093,314.2683976276964,680.5987255734739,18.67684432409481,3.789510400878513,523.8530585106383,1271.8177634511198,0.8223018,0.3783102,0.060064804,0.18391891,-462.75183,17.020157,6.6241145,5.6389685,-3.5234327,127.14877,38.2852,15.050726,12.827328,10.041241,3.0,267.85714285714283,0.40077838,1,0.40077838,1.896232,Tutup
-2.4955749e-05,0.081415296,0.006628451,1.9615864199702522,43.33212471719609,0.08141531,0.00927734375,0.0066284523,0.043625053,1.7269287,193.08902158004724,444.8847359218298,259.75688972188857,566.773946557983,15.09651018670611,3.7586472097769494,384.8902925531915,967.8636341717987,0.82027847,0.38251436,0.05731852,0.17908026,-472.2324,22.663996,6.6211543,4.1800194,-6.300036,119.81784,49.630947,15.348208,10.28436,14.630609,3.0,234.375,0.43180758,1,0.43180758,1.9555817,Tutup
-3.3736545e-05,0.10101969,0.010204977,2.1552415437629766,27.485875635020882,0.101019695,0.016289893617021278,0.010204978,0.05277752,1.7589722,336.86096777685566,619.6186862993268,424.18769586098875,672.739814167176,18.302551953166457,4.939371861447223,618.9328457446809,1233.445247586274,0.69489133,0.45694363,0.09020309,0.21955131,-431.84067,37.63206,11.365263,7.1319366,-7.5369563,131.34126,59.580856,18.387638,13.191159,12.6878395,3.0,98.6842105263158,0.72465813,1,0.72465813,2.6851454,Tutup
-2.3604076e-05,0.08106475,0.0065714945,2.9320203275683765,44.33042390857237,0.08106476,0.011282413563829786,0.006571496,0.043765135,1.6867371,258.11115553163796,586.7647017568881,317.98031893345836,650.9335376912021,15.650038733005726,4.492521800129351,472.0744680851064,1145.56088371777,0.80049306,0.39649716,0.061271653,0.18556021,-458.50024,22.603313,7.4102616,4.2644057,-5.4633627,120.82922,47.063335,15.35931,9.818216,12.794283,3.0,208.33333333333334,0.5439923,1,0.5439923,2.4577267,Tutup
-2.4150848e-05,0.09903565,0.009808061,2.2997244587767427,36.24935450787288,0.09903566,0.01004612699468085,0.009808062,0.058540177,1.7200623,223.29702426483064,525.8573400037102,286.1646022066287,611.6994145085123,16.43724123970771,4.239369926461766,407.82912234042556,1056.5079711875376,0.81058127,0.38930884,0.056592055,0.17724407,-452.25012,21.349016,7.284925,5.8664823,-4.536119,120.51004,45.670372,15.790611,12.406886,11.9618,3.0,234.375,0.5511665,1,0.5511665,2.4968233,Tutup
-3.6252975e-05,0.09121123,0.008319489,2.563188460140918,34.243018241930734,0.091211244,0.015593833111702128,0.0083194915,0.048320178,1.6333618,311.99171454761785,576.5359548992507,391.3050231461703,637.4600611104405,18.81480779741599,4.574919616109242,593.8331117021277,1170.5508335914478,0.71504235,0.44894916,0.090991065,0.21507682,-435.69998,36.736057,9.621258,6.0361567,-9.127002,127.3182,60.61358,16.91291,13.129658,17.228878,3.0,110.29411764705883,0.67799264,1,0.67799264,2.5286148,Tutup
-2.453359e-05,0.081488915,0.006640443,2.6876003398114974,43.598690335561386,0.081488915,0.012518700132978724,0.006640443,0.04383909,1.6703796,260.43495295648484,616.6324699886588,301.2267209633024,652.8799411212377,17.417707260149488,3.8558964998014393,515.874335106383,1242.710341408718,0.8223622,0.37825254,0.067016914,0.1997202,-458.32056,18.297174,5.4949875,4.49623,-3.954145,125.77834,40.936043,13.52262,10.197657,11.58993,3.0,267.85714285714283,0.44753873,1,0.44753873,2.1030164,Tutup
-3.4907658e-05,0.10171996,0.010346951,1.9967031958293229,25.683174591338293,0.101719975,0.01546397107712766,0.010346953,0.05165225,1.6723938,286.5201039085555,516.5224720611747,383.1071854909074,637.8940095174544,18.281796532320588,4.651431010969812,555.8510638297872,1129.4946123365999,0.71501726,0.4489876,0.08964217,0.22564875,-432.6878,36.709297,9.641904,5.4932013,-8.504501,120.62033,60.03877,16.195112,10.310949,15.997709,3.0,117.1875,0.6307686,1,0.6307686,2.4033446,Tutup
-4.3239594e-05,0.111919865,0.012526057,1.9565663996240394,19.572560583553006,0.111919895,0.017822265625,0.012526062,0.054158762,1.6181641,322.82261686266463,555.3016720899147,420.8188940780945,627.774519461891,19.669566174785995,4.596857453227683,585.7712765957447,1111.786702529301,0.6616698,0.47101355,0.09412395,0.22033654,-436.42612,45.65911,10.749566,4.7043185,-11.776866,139.76872,65.86297,16.753727,7.892536,17.744919,3.0,98.6842105263158,0.5030037,1,0.5030037,1.5824902,Tutup
-6.0435614e-05,0.13636889,0.018596474,1.6278833756448987,15.405773896116678,0.13636892,0.03011240857712766,0.01859648,0.0706848,1.7828674,529.4289980710827,651.5571487470703,658.235997729248,719.9556846571429,17.821158236767907,6.359341646795866,980.3856382978723,1347.950117648057,0.5161554,0.49443814,0.1703449,0.28015015,-380.50992,61.890793,8.548875,10.385384,-10.068528,139.75874,66.64345,16.284004,12.189413,16.879456,3.0,98.6842105263158,0.8982369,1,0.8982369,2.4268997,Tutup
-5.596606e-05,0.13924459,0.019389054,1.760835350812885,14.43818091929722,0.13924462,0.016066530917553192,0.019389061,0.07117066,1.6253357,356.19233948038783,574.3551137656281,477.96224450109094,678.7630510065313,19.274261521768427,5.045045781177562,634.0591755319149,1151.7793273728041,0.65241224,0.47273076,0.11836649,0.24918012,-419.5974,44.980972,10.685773,7.5561347,-10.780626,159.72276,63.317715,16.36767,12.096452,16.683262,3.0,104.16666666666667,0.5501946,1,0.5501946,1.7050976,Tutup
-2.2989909e-05,0.08348672,0.0069700326,2.821016634143709,41.737613185421054,0.08348672,0.018040433843085107,0.006970033,0.044951912,1.6953735,318.63927295171527,600.82003347717,401.22671445353825,664.7425471196071,17.621530015296585,4.577992878841667,598.4873670212766,1203.472625503969,0.7162558,0.44718695,0.098116435,0.22892833,-439.09592,34.36124,9.249331,4.5386662,-6.406277,118.118195,57.35866,15.908411,8.475736,13.39688,3.0,110.29411764705883,0.5259147,1,0.5259147,1.9753069,Tutup
-1.7619452e-05,0.065403424,0.0042776084,2.6008626404117328,63.66149160801539,0.06540343,0.007983917885638297,0.004277609,0.034787726,1.7401123,176.73664121850558,452.56266238039854,230.70676945343314,561.4654558419603,13.279443469129436,4.226902538954064,376.4128989361702,1000.2531747422524,0.8524829,0.35269457,0.057355974,0.18138352,-497.3926,17.597399,4.7038965,3.6553955,-4.1960354,124.35167,43.33602,13.004465,9.664226,12.0262575,3.0,312.5,0.4038179,1,0.4038179,1.9346169,Tutup
-5.8149973e-05,0.13710354,0.01879738,1.3963582529574432,15.720923937863402,0.13710357,0.01778590425531915,0.018797388,0.072224624,1.7146606,340.4137496727085,574.5250848004433,443.15783032518505,637.3355231516365,15.983572056993241,6.887978738735558,579.5378989361702,1088.0329800728641,0.6517503,0.47357434,0.10105998,0.22848903,-411.4684,47.093605,12.24673,7.3263006,-9.7280035,136.31293,67.44214,19.726284,12.703998,16.087387,3.0,98.6842105263158,0.62383634,1,0.62383634,2.0447235,Tutup
-3.7142436e-05,0.10276966,0.010561602,1.5397259873534892,25.041789719325596,0.10276967,0.015671750332446808,0.010561605,0.052024934,1.8370972,319.16751608508935,547.293220297504,428.5560882619431,677.4737476961716,16.125801978248166,5.9877006050360295,576.4627659574468,1095.5810046390882,0.70474184,0.45338306,0.108195156,0.23831873,-436.55194,37.985664,8.799086,8.12199,-7.967587,145.40892,60.46203,16.255291,13.538676,15.95497,3.0,104.16666666666667,0.56922036,1,0.56922036,2.0677056,Tutup
-2.1584194e-05,0.071740314,0.0051466725,2.7969414283865865,47.52265904764431,0.07174032,0.009121509308510639,0.0051466734,0.035773408,1.6821594,240.21851983772254,559.0900047185395,314.9289373160128,680.3838347730555,13.997188425771382,4.73490016627903,484.7074468085106,1218.7520857256009,0.8220897,0.37889698,0.06944021,0.19742739,-510.0611,20.000511,8.161349,3.491542,-4.9440937,142.42302,44.00115,18.741348,8.822634,12.385448,3.0,267.85714285714283,0.4631538,1,0.4631538,2.028138,Tutup
-3.643163e-05,0.109949864,0.012088973,1.6023235085597636,25.47464923106774,0.10994987,0.016591173537234043,0.012088974,0.060016412,1.8475342,305.2714701687812,578.6438026410958,389.0442368356643,650.8127983613134,18.813664949647553,4.642817081249083,549.3683510638298,1118.7842034051532,0.72645116,0.442514,0.09084981,0.22124556,-433.23807,34.516415,10.092011,5.498909,-8.604445,128.48337,58.585846,19.17863,10.981502,16.476843,3.0,117.1875,0.52424985,1,0.52424985,1.9290555,Tutup
-2.8737386e-05,0.09021022,0.008137884,1.9195554387375369,34.516922579744325,0.09021022,0.015526304853723404,0.008137885,0.047476504,1.7950134,296.2127888612001,530.8403798591577,405.3075012609437,660.6404257291649,17.126020182957692,5.300549484882997,558.0119680851063,1147.4620720550652,0.7147187,0.44944915,0.08526074,0.2138333,-454.8272,35.398823,13.814983,3.9772284,-9.657425,121.186615,58.4317,23.235355,8.491857,18.727688,3.0,110.29411764705883,0.54241407,1,0.54241407,2.1584265,Tutup
