mean,std,skew,kurtosis,rms,zcr,file,label
0.03460503,0.1809304,2.0291114765030973,8.9087546831663,0.14784484,0.033033288043478264,buka48k-buka_0.wav.wav,buka
0.030874213,0.1471543,1.8707387553729025,7.9196384951736665,0.11814023,0.033538108648255814,buka48k-buka_1.wav.wav,buka
0.030876227,0.14715542,1.870702367687253,7.919472937302464,0.11814145,0.03362895167151163,buka48k-buka_10.wav.wav,buka
0.03336553,0.15632708,1.7923864100808358,7.179305981146889,0.12822741,0.03502449156746032,buka48k-buka_100.wav.wav,buka
0.033273786,0.15634015,1.7935816049833602,7.186730494783635,0.12819637,0.034838479662698416,buka48k-buka_101.wav.wav,buka
0.033436485,0.15634876,1.7916856403443417,7.174592895361895,0.12827343,0.03527250744047619,buka48k-buka_102.wav.wav,buka
0.04185767,0.24555235,0.2785704284164791,2.614379946077892,0.20789158,0.027597161787974684,buka48k-buka_103.wav.wav,buka
0.033378027,0.15636367,1.792336459958752,7.178646103771602,0.12825945,0.035148499503968256,buka48k-buka_104.wav.wav,buka
0.04178666,0.2455555,0.2787379534925693,2.6158770820892467,0.20786746,0.027498269382911392,buka48k-buka_105.wav.wav,buka
0.033056255,0.15616217,1.7955983261305448,7.200135000735655,0.12797394,0.03408668154761905,buka48k-buka_106.wav.wav,buka
0.033400003,0.15633616,1.7920579097825289,7.177013299852513,0.1282485,0.03509424603174603,buka48k-buka_107.wav.wav,buka
0.033420127,0.15634392,1.7918348392146561,7.1754608122105115,0.12826355,0.035210503472222224,buka48k-buka_108.wav.wav,buka
0.033089187,0.16000174,1.7931252951021461,7.191149372087043,0.130427,0.03489925986842105,buka48k-buka_109.wav.wav,buka
0.043616343,0.25224268,0.3140178376727901,2.643117878422313,0.21305676,0.026076191603535352,buka48k-buka_11.wav.wav,buka
0.04432631,0.25759083,0.2900804637208321,2.6595233824607023,0.21884249,0.026487585616438356,buka48k-buka_110.wav.wav,buka
0.044428654,0.25762218,0.28985217883929826,2.657440403125471,0.21890654,0.026701626712328768,buka48k-buka_111.wav.wav,buka
0.03295772,0.16001193,1.7946277826095187,7.200127956500355,0.13038237,0.03457373903508772,buka48k-buka_112.wav.wav,buka
0.032822818,0.15993494,1.7960746811642665,7.209535743376666,0.1302692,0.03413685581140351,buka48k-buka_113.wav.wav,buka
0.032998912,0.15997232,1.7940267092274265,7.1965088369714,0.13036992,0.03457373903508772,buka48k-buka_114.wav.wav,buka
0.04425177,0.25756523,0.29025543220512673,2.661014828804542,0.21879376,0.026594606164383562,buka48k-buka_115.wav.wav,buka
0.04434253,0.25761884,0.2900728469605356,2.6590240442947053,0.2188718,0.026487585616438356,buka48k-buka_116.wav.wav,buka
0.04419578,0.25760147,0.29032318444816085,2.662268126010132,0.21880218,0.026487585616438356,buka48k-buka_117.wav.wav,buka
0.044370793,0.25758988,0.2899984121419873,2.6585377402967607,0.2188588,0.026434075342465755,buka48k-buka_118.wav.wav,buka
0.033058994,0.15999065,1.7934840931692613,7.192839252522951,0.13040681,0.03476219846491228,buka48k-buka_119.wav.wav,buka
0.04362979,0.25223944,0.31398473726983994,2.6428113976397354,0.21305966,0.026115648674242424,buka48k-buka_12.wav.wav,buka
0.044196375,0.25753,0.2903608247962442,2.662354138275198,0.21874543,0.026541095890410957,buka48k-buka_120.wav.wav,buka
0.042962965,0.25074518,0.28625791679404533,2.787191124634675,0.21238714,0.02609675480769231,buka48k-buka_121.wav.wav,buka
0.04300066,0.25072426,0.28627056600486045,2.7860014693253143,0.21238613,0.026051682692307693,buka48k-buka_122.wav.wav,buka
0.034512244,0.1574302,1.7770018938994299,7.4507538348713,0.12827581,0.034959059495192304,buka48k-buka_123.wav.wav,buka
0.043128103,0.25067705,0.28589009363547924,2.7829970505805797,0.2123951,0.026051682692307693,buka48k-buka_124.wav.wav,buka
0.034510292,0.15748209,1.7770175427882458,7.451277356461343,0.12831086,0.03494966947115385,buka48k-buka_125.wav.wav,buka
0.034510292,0.15748209,1.7770175427882458,7.451277356461343,0.12831086,0.03494966947115385,buka48k-buka_126.wav.wav,buka
0.034609437,0.15746363,1.7758951135283447,7.44434593049159,0.12834045,0.035691481370192304,buka48k-buka_127.wav.wav,buka
0.034580573,0.1574632,1.7762296438022842,7.4462480109579126,0.12832819,0.034959059495192304,buka48k-buka_128.wav.wav,buka
0.034598403,0.15745631,1.7760392626511754,7.445275182947036,0.12832996,0.03554124098557692,buka48k-buka_129.wav.wav,buka
0.043571264,0.25225866,0.3141223552692686,2.6440303684565807,0.213052,0.02595782039141414,buka48k-buka_13.wav.wav,buka
0.03465667,0.15746593,1.7753817149285902,7.441426825866959,0.12836127,0.035916841947115384,buka48k-buka_130.wav.wav,buka
0.043126486,0.25067785,0.2859234422454285,2.7830678111567018,0.21239553,0.026051682692307693,buka48k-buka_131.wav.wav,buka
0.03429247,0.15742898,1.7789867095578353,7.4636075088835,0.12818348,0.033944936899038464,buka48k-buka_132.wav.wav,buka
0.034636315,0.15745898,1.7755878191473924,7.442732636478773,0.12834743,0.03599196213942308,buka48k-buka_133.wav.wav,buka
0.034657434,0.1728953,1.7868446824214093,6.981557353459927,0.14102039,0.033843315972222225,buka48k-buka_134.wav.wav,buka
0.034394085,0.17292008,1.7896368263725901,6.997657694592247,0.14093424,0.03393012152777778,buka48k-buka_135.wav.wav,buka
0.04345398,0.25231656,0.292630228398003,2.8316011792913605,0.21537082,0.026838916843220338,buka48k-buka_136.wav.wav,buka
0.04421301,0.25194556,0.29124753072417686,2.811493180866746,0.2153649,0.026400291313559324,buka48k-buka_137.wav.wav,buka
0.04410703,0.25214323,0.2915717156933145,2.814873992284257,0.21548137,0.026797537076271187,buka48k-buka_138.wav.wav,buka
0.034547184,0.17286028,1.7879012120526991,6.987810029318011,0.14095104,0.03366970486111111,buka48k-buka_139.wav.wav,buka
0.042617172,0.2522717,0.3157105454124502,2.6657105643640104,0.2126899,0.025163746843434344,buka48k-buka_14.wav.wav,buka
0.04437519,0.25199518,0.29095659499678367,2.808042217774986,0.21546377,0.02653270656779661,buka48k-buka_140.wav.wav,buka
0.03404423,0.17265642,1.79298371447865,7.019801031242652,0.14059538,0.03324652777777778,buka48k-buka_141.wav.wav,buka
0.0346038,0.17285885,1.7873068617737264,6.984470123293768,0.14097266,0.03399522569444444,buka48k-buka_142.wav.wav,buka
0.034571446,0.17287748,1.7877356166717027,6.986644436822907,0.14097352,0.03393012152777778,buka48k-buka_143.wav.wav,buka
0.04192642,0.2512228,0.2936279265498732,2.872094893094599,0.21385685,0.025324417372881356,buka48k-buka_144.wav.wav,buka
0.044401612,0.2519499,0.2909077793067672,2.8073576020239894,0.21543775,0.0266651218220339,buka48k-buka_145.wav.wav,buka
0.04392946,0.25211155,0.2921144848361288,2.8185108869828692,0.21539277,0.026615466101694914,buka48k-buka_146.wav.wav,buka
0.044375498,0.2519479,0.2909764204425887,2.80787031040615,0.21542677,0.02653270656779661,buka48k-buka_147.wav.wav,buka
0.04562976,0.26232517,0.3259747806194562,2.6555283061460386,0.22529635,0.026081589033018868,buka48k-buka_148.wav.wav,buka
0.045351066,0.26225328,0.3264481662913941,2.6610974030262353,0.22513962,0.026081589033018868,buka48k-buka_149.wav.wav,buka
0.04362979,0.25223944,0.31398473726983994,2.6428113976397354,0.21305966,0.026115648674242424,buka48k-buka_15.wav.wav,buka
0.043120287,0.2520451,0.31502061457003244,2.6531918695184817,0.21270971,0.02528705018939394,buka48k-buka_16.wav.wav,buka
0.043558612,0.25227672,0.3141410638088888,2.644422523633815,0.21306057,0.025997277462121212,buka48k-buka_17.wav.wav,buka
0.04360785,0.25222394,0.3140200198028392,2.6432097831643873,0.21303855,0.025918363320707072,buka48k-buka_18.wav.wav,buka
0.030823508,0.14715786,1.8714218413865504,7.923532784978546,0.11812005,0.03331100109011628,buka48k-buka_19.wav.wav,buka
0.030818123,0.14715515,1.8714155878918182,7.923522800400674,0.11811548,0.03326557957848837,buka48k-buka_2.wav.wav,buka
0.030758932,0.14786203,1.8619926587903857,7.825397902867106,0.1188133,0.032439108455882354,buka48k-buka_20.wav.wav,buka
0.04194137,0.25197697,0.3169050920307722,2.682570289932836,0.21218029,0.024882615214646464,buka48k-buka_21.wav.wav,buka
0.04362979,0.25223944,0.31398473726983994,2.6428113976397354,0.21305966,0.026115648674242424,buka48k-buka_22.wav.wav,buka
0.030877218,0.14715439,1.8706988936230644,7.9193392105564175,0.11814147,0.03358353015988372,buka48k-buka_23.wav.wav,buka
0.04194137,0.25197697,0.3169050920307722,2.682570289932836,0.21218029,0.024882615214646464,buka48k-buka_24.wav.wav,buka
0.030860864,0.1471536,1.8709150961860326,7.920676350814894,0.11813379,0.03358353015988372,buka48k-buka_25.wav.wav,buka
0.043581612,0.252247,0.31410893263166423,2.64387198972845,0.21304679,0.026036734532828284,buka48k-buka_26.wav.wav,buka
0.030850893,0.14716013,1.8710392273648992,7.92128731995763,0.1181345,0.03344158793604651,buka48k-buka_27.wav.wav,buka
0.0,0.0,,,0.0,0.0,buka48k-buka_28.wav.wav,buka
0.030790122,0.14712375,1.8716882007770528,7.925611952624209,0.11808041,0.033356422601744186,buka48k-buka_29.wav.wav,buka
0.04354568,0.25225052,0.3142056409243328,2.644566771751899,0.21303609,0.02595782039141414,buka48k-buka_3.wav.wav,buka
0.043532196,0.2521887,0.3142110947903318,2.6446446169662714,0.2129821,0.025918363320707072,buka48k-buka_30.wav.wav,buka
0.04332601,0.25213388,0.31469003527647277,2.6491357899407273,0.21285811,0.025523792613636364,buka48k-buka_31.wav.wav,buka
0.041278377,0.25233027,0.3171130678693409,2.7023676365389626,0.21216713,0.024295691287878788,buka48k-buka_32.wav.wav,buka
0.043496497,0.25220853,0.31429067667113886,2.645488688601848,0.2129833,0.02595782039141414,buka48k-buka_33.wav.wav,buka
0.030835351,0.14714792,1.8712140813590257,7.922363766684537,0.11811806,0.03344158793604651,buka48k-buka_34.wav.wav,buka
0.04333312,0.25213122,0.31457643138220776,2.648596577225187,0.21286009,0.025523792613636364,buka48k-buka_35.wav.wav,buka
0.04347283,0.25225973,0.3144136352694152,2.646125230741424,0.21301353,0.02587890625,buka48k-buka_36.wav.wav,buka
0.030827887,0.14712557,1.8712038491930263,7.922445800178444,0.11809853,0.03331100109011628,buka48k-buka_37.wav.wav,buka
0.043464456,0.25224823,0.314376404121503,2.646239268385145,0.21300192,0.02579999210858586,buka48k-buka_38.wav.wav,buka
0.043615658,0.25224912,0.3140152570513469,2.6431360369361645,0.2130619,0.026076191603535352,buka48k-buka_39.wav.wav,buka
0.0,0.0,,,0.0,0.0,buka48k-buka_4.wav.wav,buka
0.030828198,0.14714134,1.8712975120232698,7.922970203327036,0.118110135,0.033356422601744186,buka48k-buka_40.wav.wav,buka
0.0,0.0,,,0.0,0.0,buka48k-buka_41.wav.wav,buka
0.03077843,0.14711633,1.8718090523520727,7.926089326591901,0.11807035,0.03326557957848837,buka48k-buka_42.wav.wav,buka
0.030863015,0.147142,1.8708354934931317,7.920163097797499,0.11812655,0.033447265625,buka48k-buka_43.wav.wav,buka
0.043571264,0.25225866,0.3141223552692686,2.6440303684565807,0.213052,0.02595782039141414,buka48k-buka_44.wav.wav,buka
0.030810948,0.14791791,1.8615038183734556,7.82198776559393,0.11887881,0.03257697610294118,buka48k-buka_45.wav.wav,buka
0.030855633,0.14715883,1.8709820015486107,7.921021303277868,0.11813524,0.033487009447674417,buka48k-buka_46.wav.wav,buka
0.04359587,0.25225416,0.31406253656507743,2.6435405950839828,0.2130578,0.02587890625,buka48k-buka_47.wav.wav,buka
0.04355354,0.25220513,0.31413853092648003,2.644339927952391,0.2130034,0.025997277462121212,buka48k-buka_48.wav.wav,buka
0.039627492,0.2534439,0.3181726116217213,2.7616041836832874,0.21226844,0.02305279356060606,buka48k-buka_49.wav.wav,buka
0.030857058,0.14788683,1.860999516204255,7.818355683186521,0.11887708,0.03277228860294118,buka48k-buka_5.wav.wav,buka
0.043242633,0.2523145,0.3147026342086186,2.651538993195783,0.21296851,0.025444878472222224,buka48k-buka_50.wav.wav,buka
0.028591339,0.14626367,1.8926243860680778,8.090699089740264,0.11649021,0.025430836397058825,buka48k-buka_51.wav.wav,buka
0.043242633,0.2523145,0.3147026342086186,2.651538993195783,0.21296851,0.025444878472222224,buka48k-buka_52.wav.wav,buka
0.043608762,0.2522613,0.3140311157826005,2.6433766676051986,0.21306786,0.02587890625,buka48k-buka_53.wav.wav,buka
0.043518238,0.25222138,0.3142586037241057,2.644972509666248,0.2130025,0.025997277462121212,buka48k-buka_54.wav.wav,buka
0.030805562,0.14712846,1.871574072153646,7.924501507898793,0.11809113,0.033129315043604654,buka48k-buka_55.wav.wav,buka
0.043390706,0.252204,0.3144134652344645,2.647875305149471,0.21293963,0.025839449179292928,buka48k-buka_56.wav.wav,buka
0.04322926,0.25213802,0.31469929672023134,2.6513067326865576,0.21282287,0.025326507260101012,buka48k-buka_57.wav.wav,buka
0.0,0.0,,,0.0,0.0,buka48k-buka_58.wav.wav,buka
0.043266118,0.25206622,0.31474337463341345,2.6500927331513378,0.21278264,0.02536596433080808,buka48k-buka_59.wav.wav,buka
0.03083459,0.14788963,1.8610955643025895,7.819458302095075,0.11886819,0.03272633272058824,buka48k-buka_6.wav.wav,buka
0.04360785,0.25222394,0.3140200198028392,2.6432097831643873,0.21303855,0.025918363320707072,buka48k-buka_60.wav.wav,buka
0.04360963,0.25224572,0.31403406460348576,2.6432959985696334,0.21305633,0.025918363320707072,buka48k-buka_61.wav.wav,buka
0.043491192,0.25221583,0.3142563502308389,2.6454822002713376,0.21298827,0.02595782039141414,buka48k-buka_62.wav.wav,buka
0.042302977,0.25181165,0.31661197712140626,2.671681838619296,0.21219672,0.02500591856060606,buka48k-buka_63.wav.wav,buka
0.04354568,0.25225052,0.3142056409243328,2.644566771751899,0.21303609,0.02595782039141414,buka48k-buka_64.wav.wav,buka
0.030877218,0.14715439,1.8706988936230644,7.9193392105564175,0.11814147,0.03358353015988372,buka48k-buka_65.wav.wav,buka
0.030828198,0.14714134,1.8712975120232698,7.922970203327036,0.118110135,0.033356422601744186,buka48k-buka_66.wav.wav,buka
0.043446444,0.25229478,0.31442817714480215,2.6468305145965862,0.21303104,0.02579999210858586,buka48k-buka_67.wav.wav,buka
0.043616343,0.25224268,0.3140178376727901,2.643117878422313,0.21305676,0.026076191603535352,buka48k-buka_68.wav.wav,buka
0.030705707,0.14708135,1.872648020246998,7.931574713692758,0.118012115,0.0328113644622093,buka48k-buka_69.wav.wav,buka
0.030852059,0.14715084,1.8709842021335585,7.921160727498192,0.11812801,0.033492687136627904,buka48k-buka_7.wav.wav,buka
0.030773468,0.14710902,1.8719225044139869,7.926693889618532,0.118061975,0.03318609193313953,buka48k-buka_70.wav.wav,buka
0.0436029,0.252241,0.31402931646436083,2.643377993470173,0.21305011,0.02587890625,buka48k-buka_71.wav.wav,buka
0.03077843,0.14711633,1.8718090523520727,7.926089326591901,0.11807035,0.03326557957848837,buka48k-buka_72.wav.wav,buka
0.030823508,0.14715786,1.8714218413865504,7.923532784978546,0.11812005,0.03331100109011628,buka48k-buka_73.wav.wav,buka
0.04339964,0.2522139,0.3144376683806758,2.647591465816821,0.21294771,0.025760535037878788,buka48k-buka_74.wav.wav,buka
0.030747509,0.14713208,1.8722220235624993,7.929249085303823,0.11806713,0.03268077761627907,buka48k-buka_75.wav.wav,buka
0.043475613,0.2521536,0.31432539343714966,2.645491801618065,0.21293351,0.02595782039141414,buka48k-buka_76.wav.wav,buka
0.030832078,0.1478461,1.8610925294366292,7.8194155925297295,0.11883507,0.03263442095588235,buka48k-buka_77.wav.wav,buka
0.04355354,0.25220513,0.31413853092648003,2.644339927952391,0.2130034,0.025997277462121212,buka48k-buka_78.wav.wav,buka
0.030738646,0.14778832,1.8621569450497824,7.827211335689279,0.118749216,0.03230124080882353,buka48k-buka_79.wav.wav,buka
0.04360554,0.2522372,0.3140361518503824,2.643285146650255,0.2130488,0.025918363320707072,buka48k-buka_8.wav.wav,buka
0.043620553,0.25225213,0.31402468819224455,2.6430614479807844,0.213065,0.026076191603535352,buka48k-buka_80.wav.wav,buka
0.04350632,0.25221622,0.3142903525624293,2.645270602668715,0.2129937,0.025997277462121212,buka48k-buka_81.wav.wav,buka
0.04353839,0.2522718,0.3142118422781723,2.6448207191198705,0.21304952,0.025918363320707072,buka48k-buka_82.wav.wav,buka
0.04347283,0.25225973,0.3144136352694152,2.646125230741424,0.21301353,0.02587890625,buka48k-buka_83.wav.wav,buka
0.0307466,0.14713477,1.8722098700433385,7.929058661788773,0.118068464,0.03268077761627907,buka48k-buka_84.wav.wav,buka
0.04337916,0.2523322,0.3144936043003998,2.6485602038513347,0.21303475,0.025563249684343436,buka48k-buka_85.wav.wav,buka
0.043617498,0.25222296,0.3140006178692397,2.642993721350102,0.21304192,0.026076191603535352,buka48k-buka_86.wav.wav,buka
0.042617172,0.2522717,0.3157105454124502,2.6657105643640104,0.2126899,0.025163746843434344,buka48k-buka_87.wav.wav,buka
0.040993318,0.24071404,0.3404596182618084,2.647552771779436,0.20326579,0.026147735252808987,buka48k-buka_88.wav.wav,buka
0.03463757,0.15854993,1.702322270086391,6.745340959031324,0.13076873,0.03504464285714286,buka48k-buka_89.wav.wav,buka
0.043496497,0.25220853,0.31429067667113886,2.645488688601848,0.2129833,0.02595782039141414,buka48k-buka_9.wav.wav,buka
0.041185215,0.24086718,0.3400368108127806,2.643768744128713,0.20345949,0.026235516151685394,buka48k-buka_90.wav.wav,buka
0.034468777,0.1585167,1.7041656170493085,6.756375264138862,0.13067105,0.03431919642857143,buka48k-buka_91.wav.wav,buka
0.034659665,0.15850264,1.7019759841249613,6.743201406370501,0.1307424,0.03521205357142857,buka48k-buka_92.wav.wav,buka
0.034491144,0.15856601,1.7040472990502997,6.7554952895779845,0.13071533,0.034375,buka48k-buka_93.wav.wav,buka
0.034688763,0.15853076,1.7017209466950733,6.741845706540241,0.13077497,0.03510044642857143,buka48k-buka_94.wav.wav,buka
0.041307036,0.24086994,0.3397722429587112,2.6410604998301936,0.20350873,0.026811578300561797,buka48k-buka_95.wav.wav,buka
0.041320242,0.24087115,0.339777368079057,2.6407995807869336,0.20351458,0.026899359199438203,buka48k-buka_96.wav.wav,buka
0.03455517,0.15846676,1.7030336384151235,6.749990060157417,0.13067126,0.034660993303571426,buka48k-buka_97.wav.wav,buka
0.033427645,0.15633893,1.7916935831085692,7.174801686298032,0.12826298,0.035148499503968256,buka48k-buka_98.wav.wav,buka
0.033158667,0.15626723,1.7948052894750437,7.194069758681039,0.12809676,0.034590463789682536,buka48k-buka_99.wav.wav,buka
0.0252882,0.14412506,1.8145568818402813,7.385834495176125,0.12647808,0.057900390625,tutup48k-tutup_0.wav.wav,tutup
0.025819791,0.15409118,1.6282516403584775,6.202760597980795,0.13350545,0.060328433388157895,tutup48k-tutup_1.wav.wav,tutup
0.025760349,0.15353887,1.6363287344497386,6.274334318802685,0.13271081,0.06001613451086957,tutup48k-tutup_10.wav.wav,tutup
0.025391567,0.1526334,1.7294087724293385,6.795991244851841,0.13040684,0.06046895777925532,tutup48k-tutup_100.wav.wav,tutup
0.025577307,0.15267356,1.7268474988174018,6.781019016455998,0.13050544,0.06063518118351064,tutup48k-tutup_101.wav.wav,tutup
0.0253744,0.14034094,2.4256892201584352,10.216041805328006,0.11855406,0.05643039279513889,tutup48k-tutup_102.wav.wav,tutup
0.025561918,0.15266149,1.7270438729368214,6.7821534624614195,0.13049023,0.060510513630319146,tutup48k-tutup_103.wav.wav,tutup
0.025371512,0.14034854,2.4257941968343477,10.216611334224847,0.11855895,0.056376139322916664,tutup48k-tutup_104.wav.wav,tutup
0.025273995,0.14032222,2.4273827603181535,10.226574527525585,0.11850265,0.056376139322916664,tutup48k-tutup_105.wav.wav,tutup
0.025268216,0.14033446,2.427504470055626,10.226973004321131,0.11851091,0.05644395616319445,tutup48k-tutup_106.wav.wav,tutup
0.025341753,0.1403401,2.426260396847486,10.219540361721076,0.11854117,0.05659315321180555,tutup48k-tutup_107.wav.wav,tutup
0.025581243,0.15267383,1.7267861818672312,6.780676833229492,0.13050717,0.06067673703457447,tutup48k-tutup_108.wav.wav,tutup
0.02553995,0.15064403,1.717912336205351,6.671714620810022,0.13011761,0.05896577380952381,tutup48k-tutup_109.wav.wav,tutup
0.0256886,0.15350664,1.6371610154432308,6.2794262969261005,0.13265973,0.06001613451086957,tutup48k-tutup_11.wav.wav,tutup
0.026950404,0.14735383,2.3416004063023674,9.601951747155727,0.12542287,0.0551300048828125,tutup48k-tutup_110.wav.wav,tutup
0.025627915,0.15069136,1.716676924085648,6.664126137978206,0.13018677,0.05915178571428571,tutup48k-tutup_111.wav.wav,tutup
0.026946086,0.14734021,2.341672218773037,9.602078318785148,0.12541088,0.0551300048828125,tutup48k-tutup_112.wav.wav,tutup
0.026812837,0.14726758,2.343611130938301,9.613900429317006,0.12530479,0.0547027587890625,tutup48k-tutup_113.wav.wav,tutup
0.026898092,0.14730987,2.34228557655098,9.606391933554907,0.12536857,0.055023193359375,tutup48k-tutup_114.wav.wav,tutup
0.027032172,0.14735332,2.3401967476429233,9.59357822853238,0.12545282,0.0550994873046875,tutup48k-tutup_115.wav.wav,tutup
0.025288127,0.15060723,1.721755141826072,6.695075406234022,0.12999883,0.05882045200892857,tutup48k-tutup_116.wav.wav,tutup
0.025102636,0.1504826,1.7243391752994643,6.711047405348822,0.12983453,0.059244791666666664,tutup48k-tutup_117.wav.wav,tutup
0.025691489,0.15073669,1.7158799646347827,6.659611916334525,0.13024539,0.05910528273809524,tutup48k-tutup_118.wav.wav,tutup
0.02703415,0.14735776,2.3401819707020177,9.593465744173471,0.1254569,0.0550994873046875,tutup48k-tutup_119.wav.wav,tutup
0.025763609,0.15353346,1.6362838439015768,6.274023724531302,0.13270792,0.060118036684782605,tutup48k-tutup_12.wav.wav,tutup
0.026974399,0.14732689,2.3410867504305575,9.598800578612392,0.1254107,0.0549163818359375,tutup48k-tutup_120.wav.wav,tutup
0.025224732,0.15104116,1.711390705734867,6.723015845210076,0.1310504,0.06044130067567568,tutup48k-tutup_121.wav.wav,tutup
0.02735422,0.14456436,2.4453893174794468,10.174072787161428,0.12304924,0.0573309536637931,tutup48k-tutup_122.wav.wav,tutup
0.027334569,0.1445564,2.4457291499100875,10.176110725312185,0.123034485,0.05716258081896552,tutup48k-tutup_123.wav.wav,tutup
0.025028827,0.1509417,1.7140709821993763,6.739414158055526,0.13090515,0.06007179054054054,tutup48k-tutup_124.wav.wav,tutup
0.02729939,0.14455432,2.4463257632502073,10.179561003504677,0.12301931,0.057431977370689655,tutup48k-tutup_125.wav.wav,tutup
0.02738467,0.14459203,2.4449598157558876,10.171251401470016,0.123081654,0.057314116379310345,tutup48k-tutup_126.wav.wav,tutup
0.02738467,0.14459203,2.4449598157558876,10.171251401470016,0.123081654,0.057314116379310345,tutup48k-tutup_127.wav.wav,tutup
0.027390327,0.14459023,2.444883549046931,10.17093265378296,0.12308249,0.05736462823275862,tutup48k-tutup_128.wav.wav,tutup
0.025310995,0.15107335,1.709983940996893,6.7147049029851615,0.13110621,0.06071843327702703,tutup48k-tutup_129.wav.wav,tutup
0.027637135,0.14859256,2.3340672765201953,9.624704069748129,0.12643953,0.05802951388888889,tutup48k-tutup_13.wav.wav,tutup
0.025360076,0.15107705,1.709343831986748,6.710903004874464,0.13112442,0.06102195945945946,tutup48k-tutup_130.wav.wav,tutup
0.027365273,0.1445742,2.445315808749008,10.173491271707677,0.12306006,0.057314116379310345,tutup48k-tutup_131.wav.wav,tutup
0.02537208,0.1510852,1.7092216524735098,6.710155473418649,0.13113484,0.06103515625,tutup48k-tutup_132.wav.wav,tutup
0.027398946,0.14458697,2.444717240143718,10.169694564778963,0.12308366,0.05749932650862069,tutup48k-tutup_133.wav.wav,tutup
0.027878346,0.14376332,2.35358439547392,9.753959401079163,0.12400054,0.053804837740384616,tutup48k-tutup_134.wav.wav,tutup
0.025161795,0.14584905,1.7906528451514583,7.081964583378355,0.12619191,0.06082381063432836,tutup48k-tutup_135.wav.wav,tutup
0.027650323,0.14380182,2.357722437128371,9.77876939520805,0.12394667,0.053316556490384616,tutup48k-tutup_136.wav.wav,tutup
0.025144584,0.1458643,1.790851415321998,7.084588900818741,0.12619777,0.060925839552238806,tutup48k-tutup_137.wav.wav,tutup
0.02788218,0.14375718,2.353478367610801,9.753214757377048,0.123996966,0.053879957932692304,tutup48k-tutup_138.wav.wav,tutup
0.027824707,0.14376397,2.3544317644113835,9.758994626299232,0.12398227,0.054030198317307696,tutup48k-tutup_139.wav.wav,tutup
0.02782766,0.14866327,2.3310468602469587,9.607029996584854,0.12656818,0.058203125,tutup48k-tutup_14.wav.wav,tutup
0.027867198,0.14375989,2.3537475531076173,9.7549108857572,0.1239936,0.05367337740384615,tutup48k-tutup_140.wav.wav,tutup
0.027897714,0.14377108,2.3532189572177673,9.751853350486257,0.124013394,0.053955078125,tutup48k-tutup_141.wav.wav,tutup
0.025303785,0.14586318,1.7884352835382837,7.068987345733479,0.12625246,0.061159048507462684,tutup48k-tutup_142.wav.wav,tutup
0.025369378,0.14587097,1.7874373127320322,7.0634939734944755,0.12628107,0.060925839552238806,tutup48k-tutup_143.wav.wav,tutup
0.027793178,0.14376481,2.3549982935581175,9.76242387133641,0.123971105,0.05374849759615385,tutup48k-tutup_144.wav.wav,tutup
0.025253043,0.14584544,1.7890819753463991,7.073569044381367,0.12622197,0.060940415111940295,tutup48k-tutup_145.wav.wav,tutup
0.025303785,0.14586318,1.7884352835382837,7.068987345733479,0.12625246,0.061159048507462684,tutup48k-tutup_146.wav.wav,tutup
0.025392385,0.1458915,1.787132580924871,7.061614215108085,0.1263054,0.060925839552238806,tutup48k-tutup_147.wav.wav,tutup
0.02598074,0.14978196,1.7673644458179045,7.016699554096004,0.1297635,0.05884189293032787,tutup48k-tutup_148.wav.wav,tutup
0.024676647,0.136808,2.407723774470165,9.961269670799147,0.11871905,0.05487856657608696,tutup48k-tutup_149.wav.wav,tutup
0.025666947,0.15349303,1.6374285972055433,6.281225628318143,0.13264136,0.06001613451086957,tutup48k-tutup_15.wav.wav,tutup
0.025717877,0.15352294,1.63689527791012,6.277531098654142,0.13268323,0.060050101902173914,tutup48k-tutup_16.wav.wav,tutup
0.027491739,0.14858302,2.3365435988920114,9.63936245836389,0.12637559,0.05772569444444445,tutup48k-tutup_17.wav.wav,tutup
0.02759456,0.14868058,2.3350535302255073,9.630497176438132,0.12649179,0.05783962673611111,tutup48k-tutup_18.wav.wav,tutup
0.02578009,0.15353727,1.6360548199275948,6.272727355608938,0.13271645,0.06008406929347826,tutup48k-tutup_19.wav.wav,tutup
0.025739642,0.15352887,1.6365946038256405,6.27598651416873,0.13269553,0.06008406929347826,tutup48k-tutup_2.wav.wav,tutup
0.027834328,0.14866304,2.330940978477444,9.606432689120656,0.12657036,0.05824652777777778,tutup48k-tutup_20.wav.wav,tutup
0.027832972,0.14866269,2.330939764154746,9.606381986371309,0.12656966,0.05824652777777778,tutup48k-tutup_21.wav.wav,tutup
0.02776086,0.14867373,2.332166359877563,9.613540835371724,0.12655032,0.05808376736111111,tutup48k-tutup_22.wav.wav,tutup
0.025477372,0.15403524,1.6325340667317543,6.230096761672545,0.13334146,0.05998577987938596,tutup48k-tutup_23.wav.wav,tutup
0.027766177,0.14865065,2.332002003914312,9.612734011432622,0.12653445,0.05817599826388889,tutup48k-tutup_24.wav.wav,tutup
0.027801277,0.14866126,2.3314457861526976,9.609481169119826,0.12655672,0.058203125,tutup48k-tutup_25.wav.wav,tutup
0.025755256,0.15352088,1.6363483348197594,6.274509030291741,0.13269451,0.06001613451086957,tutup48k-tutup_26.wav.wav,tutup
0.02776086,0.14867373,2.332166359877563,9.613540835371724,0.12655032,0.05808376736111111,tutup48k-tutup_27.wav.wav,tutup
0.027491739,0.14858302,2.3365435988920114,9.63936245836389,0.12637559,0.05772569444444445,tutup48k-tutup_28.wav.wav,tutup
0.025819791,0.15409118,1.6282516403584775,6.202760597980795,0.13350545,0.060328433388157895,tutup48k-tutup_29.wav.wav,tutup
0.027624944,0.1485868,2.334183452082204,9.62559588337009,0.12642942,0.05798068576388889,tutup48k-tutup_3.wav.wav,tutup
0.027791157,0.14867026,2.3316584181799693,9.610648780134735,0.12655975,0.05824652777777778,tutup48k-tutup_30.wav.wav,tutup
0.02574348,0.1541824,1.629476798966005,6.210255325872673,0.13355316,0.060225637335526314,tutup48k-tutup_31.wav.wav,tutup
0.027748996,0.14867362,2.3324209041265473,9.615098107795127,0.1265463,0.05816514756944444,tutup48k-tutup_32.wav.wav,tutup
0.025760127,0.1535249,1.6363014489886445,6.274207759630675,0.1326995,0.06008406929347826,tutup48k-tutup_33.wav.wav,tutup
0.025754731,0.15352595,1.636387118167028,6.274686968155855,0.13269845,0.059982167119565215,tutup48k-tutup_34.wav.wav,tutup
0.02777034,0.14864089,2.3319325836298566,9.61215167074109,0.12652868,0.058116319444444446,tutup48k-tutup_35.wav.wav,tutup
0.027777543,0.1486303,2.331748855248994,9.611147762665835,0.126523,0.05830078125,tutup48k-tutup_36.wav.wav,tutup
0.025747426,0.1541742,1.6293687297474948,6.2095117276516465,0.13354778,0.06036269873903509,tutup48k-tutup_37.wav.wav,tutup
0.027623752,0.148666,2.3345979031556054,9.627920670596314,0.12649173,0.05802951388888889,tutup48k-tutup_38.wav.wav,tutup
0.027828345,0.14866182,2.3310164306243415,9.60685923814371,0.12656687,0.05824652777777778,tutup48k-tutup_39.wav.wav,tutup
0.02560806,0.15407461,1.6311269777035646,6.220091528486034,0.1334191,0.05991724917763158,tutup48k-tutup_4.wav.wav,tutup
0.025718678,0.15414797,1.6297344745654625,6.211786095042285,0.13351768,0.060088575932017545,tutup48k-tutup_40.wav.wav,tutup
0.02573032,0.15414225,1.6296937767214756,6.211114633746144,0.13351582,0.060225637335526314,tutup48k-tutup_41.wav.wav,tutup
0.027803263,0.14866492,2.3314319587093197,9.609296974039907,0.12656003,0.05821397569444445,tutup48k-tutup_42.wav.wav,tutup
0.02567033,0.15347722,1.6375015226644614,6.280931924887616,0.13262992,0.06001613451086957,tutup48k-tutup_43.wav.wav,tutup
0.027809137,0.14864756,2.3313123285206374,9.608617760776378,0.1265489,0.05824652777777778,tutup48k-tutup_44.wav.wav,tutup
0.027736356,0.14862643,2.3324713801108006,9.615541899155417,0.12650396,0.058116319444444446,tutup48k-tutup_45.wav.wav,tutup
0.025816599,0.15414043,1.6285121817495392,6.204228529575538,0.13354325,0.060328433388157895,tutup48k-tutup_46.wav.wav,tutup
0.027805634,0.14865848,2.3313974749692323,9.609114427124743,0.1265559,0.05812717013888889,tutup48k-tutup_47.wav.wav,tutup
0.02578422,0.15354273,1.6359993788740397,6.272447377492449,0.13272241,0.06008406929347826,tutup48k-tutup_48.wav.wav,tutup
0.02582748,0.15410504,1.6282864374963677,6.2028555646331665,0.1335184,0.060328433388157895,tutup48k-tutup_49.wav.wav,tutup
0.02780886,0.14865363,2.3313519115313706,9.60888231335994,0.12655349,0.058203125,tutup48k-tutup_5.wav.wav,tutup
0.025682375,0.1540978,1.6300396686220906,6.213733045168478,0.13346398,0.06012284128289474,tutup48k-tutup_50.wav.wav,tutup
0.027833821,0.14866517,2.3309334790826637,9.606297478847429,0.12657194,0.05824652777777778,tutup48k-tutup_51.wav.wav,tutup
0.025783636,0.15411906,1.6289075025685735,6.206212762715557,0.13351505,0.060328433388157895,tutup48k-tutup_52.wav.wav,tutup
0.025825882,0.15416975,1.628444590779155,6.203507392727019,0.13357195,0.060328433388157895,tutup48k-tutup_53.wav.wav,tutup
0.027623946,0.14863355,2.33416845590612,9.626127681272497,0.12646723,0.05799153645833333,tutup48k-tutup_54.wav.wav,tutup
0.025717927,0.15350947,1.6368434903064064,6.277309633782853,0.13267234,0.059982167119565215,tutup48k-tutup_55.wav.wav,tutup
0.027685232,0.14863725,2.3333266862155413,9.620314230507432,0.1264934,0.058116319444444446,tutup48k-tutup_56.wav.wav,tutup
0.025774416,0.15355144,1.6361547049452392,6.273280459497055,0.13272607,0.060118036684782605,tutup48k-tutup_57.wav.wav,tutup
0.027834399,0.14866063,2.3309203621469576,9.606315738953109,0.12656859,0.05824652777777778,tutup48k-tutup_58.wav.wav,tutup
0.02575122,0.15412588,1.6292823070115767,6.208932770678384,0.1335095,0.0602941680372807,tutup48k-tutup_59.wav.wav,tutup
0.027581925,0.14863385,2.3349715561534765,9.630676778502783,0.1264504,0.057872178819444446,tutup48k-tutup_6.wav.wav,tutup
0.027833821,0.14866517,2.3309334790826637,9.606297478847429,0.12657194,0.05824652777777778,tutup48k-tutup_60.wav.wav,tutup
0.02573032,0.15414225,1.6296937767214756,6.211114633746144,0.13351582,0.060225637335526314,tutup48k-tutup_61.wav.wav,tutup
0.025777508,0.15354437,1.6360981152193184,6.272993672024571,0.13272128,0.060118036684782605,tutup48k-tutup_62.wav.wav,tutup
0.027797535,0.14865819,2.3315227276650026,9.60992636333792,0.12655282,0.058262803819444445,tutup48k-tutup_63.wav.wav,tutup
0.027623752,0.148666,2.3345979031556054,9.627920670596314,0.12649173,0.05802951388888889,tutup48k-tutup_64.wav.wav,tutup
0.025746163,0.15353477,1.636509375876293,6.275441186859981,0.13270271,0.06008406929347826,tutup48k-tutup_65.wav.wav,tutup
0.02573032,0.15414225,1.6296937767214756,6.211114633746144,0.13351582,0.060225637335526314,tutup48k-tutup_66.wav.wav,tutup
0.02783101,0.148661,2.3309668874367806,9.606642066160159,0.12656745,0.05824652777777778,tutup48k-tutup_67.wav.wav,tutup
0.027799092,0.14866112,2.331486559284901,9.609656422230852,0.12655552,0.05824652777777778,tutup48k-tutup_68.wav.wav,tutup
0.027794292,0.14865102,2.331558050159289,9.60995852433601,0.12654579,0.05824652777777778,tutup48k-tutup_69.wav.wav,tutup
0.027821291,0.14865279,2.3311206396888005,9.60741130837246,0.12655762,0.058203125,tutup48k-tutup_7.wav.wav,tutup
0.027642997,0.14857198,2.33370552523805,9.623203697170927,0.12642643,0.058089192708333334,tutup48k-tutup_70.wav.wav,tutup
0.027642997,0.14857198,2.33370552523805,9.623203697170927,0.12642643,0.058089192708333334,tutup48k-tutup_71.wav.wav,tutup
0.025772054,0.15354171,1.636191083514878,6.273536830044138,0.13271712,0.06015200407608696,tutup48k-tutup_72.wav.wav,tutup
0.02741837,0.14848419,2.337482109150866,9.645457877027537,0.12627228,0.057465277777777775,tutup48k-tutup_73.wav.wav,tutup
0.027702155,0.1486757,2.333158486259171,9.619580319719155,0.12652951,0.05799153645833333,tutup48k-tutup_74.wav.wav,tutup
0.027786957,0.14865887,2.3316866381588097,9.610958234789605,0.126549,0.058257378472222225,tutup48k-tutup_75.wav.wav,tutup
0.02573032,0.15414225,1.6296937767214756,6.211114633746144,0.13351582,0.060225637335526314,tutup48k-tutup_76.wav.wav,tutup
0.025772795,0.15410504,1.628969964516402,6.20699378799598,0.13349932,0.06036269873903509,tutup48k-tutup_77.wav.wav,tutup
0.025760127,0.1535249,1.6363014489886445,6.274207759630675,0.1326995,0.06008406929347826,tutup48k-tutup_78.wav.wav,tutup
0.027638532,0.14858612,2.3339896425646303,9.624587626466127,0.12643449,0.058089192708333334,tutup48k-tutup_79.wav.wav,tutup
0.025747426,0.1541742,1.6293687297474948,6.2095117276516465,0.13354778,0.06036269873903509,tutup48k-tutup_8.wav.wav,tutup
0.027718408,0.14868516,2.332891735239038,9.61782893828819,0.1265426,0.05814887152777778,tutup48k-tutup_80.wav.wav,tutup
0.027821124,0.14866732,2.3311556580994566,9.607702799781023,0.12656906,0.05824652777777778,tutup48k-tutup_81.wav.wav,tutup
0.025808774,0.15417302,1.628680885403065,6.20528559736489,0.13356787,0.060328433388157895,tutup48k-tutup_82.wav.wav,tutup
0.02496303,0.15370448,1.6390439472801053,6.269850019355362,0.13289826,0.059360437225877194,tutup48k-tutup_83.wav.wav,tutup
0.025739642,0.15352887,1.6365946038256405,6.27598651416873,0.13269553,0.06008406929347826,tutup48k-tutup_84.wav.wav,tutup
0.027791157,0.14867026,2.3316584181799693,9.610648780134735,0.12655975,0.05824652777777778,tutup48k-tutup_85.wav.wav,tutup
0.027638532,0.14858612,2.3339896425646303,9.624587626466127,0.12643449,0.058089192708333334,tutup48k-tutup_86.wav.wav,tutup
0.02575122,0.15412588,1.6292823070115767,6.208932770678384,0.1335095,0.0602941680372807,tutup48k-tutup_87.wav.wav,tutup
0.02530316,0.14886206,1.633354291246606,6.250828330301486,0.12913476,0.06069190903465346,tutup48k-tutup_88.wav.wav,tutup
0.025241956,0.1488377,1.634196993912938,6.255856222330491,0.12909323,0.060648398824257425,tutup48k-tutup_89.wav.wav,tutup
0.025739642,0.15352887,1.6365946038256405,6.27598651416873,0.13269553,0.06008406929347826,tutup48k-tutup_9.wav.wav,tutup
0.026215155,0.14238414,2.3525769770475513,9.689216243682857,0.12065928,0.054815673828125,tutup48k-tutup_90.wav.wav,tutup
0.02507499,0.14883007,1.6365574012088753,6.2698760113468825,0.12902816,0.06072575030940594,tutup48k-tutup_91.wav.wav,tutup
0.026199797,0.14236355,2.35280444655053,9.69057172126001,0.12063615,0.054620361328125,tutup48k-tutup_92.wav.wav,tutup
0.024969313,0.14870071,1.6378755532740714,6.277811620290372,0.12888846,0.06063872988861386,tutup48k-tutup_93.wav.wav,tutup
0.025187328,0.14886594,1.6349922008401072,6.2605374824447075,0.12909651,0.060493695853960396,tutup48k-tutup_94.wav.wav,tutup
0.02624714,0.1423794,2.352063462789477,9.686088802915288,0.12066736,0.054632568359375,tutup48k-tutup_95.wav.wav,tutup
0.026165709,0.14237279,2.3535488179512436,9.695171320732866,0.12062963,0.054766845703125,tutup48k-tutup_96.wav.wav,tutup
0.026195133,0.14234121,2.352826187992753,9.690606513178977,0.12061709,0.054669189453125,tutup48k-tutup_97.wav.wav,tutup
0.025334815,0.15259816,1.7302672976305231,6.801910848073822,0.13035703,0.060510513630319146,tutup48k-tutup_98.wav.wav,tutup
0.025388712,0.14034879,2.425440712651781,10.214405386815134,0.1185659,0.05648464626736111,tutup48k-tutup_99.wav.wav,tutup
0.045591533,0.26231217,0.32606780743578245,2.656229994166913,0.22527218,0.026302697523584904,buka48k-buka_150.wav.wav,buka
0.03683895,0.16602632,1.7299366773415157,7.0286228884379724,0.13585147,0.03470458984375,buka48k-buka_151.wav.wav,buka
0.036572427,0.16599527,1.732588354070907,7.043739452655339,0.13571748,0.0345947265625,buka48k-buka_152.wav.wav,buka
0.045414403,0.2623661,0.3264412068260327,2.66005073170793,0.22525421,0.026302697523584904,buka48k-buka_153.wav.wav,buka
0.04552301,0.26234096,0.3261895118692561,2.657798330834404,0.22527115,0.026228994693396228,buka48k-buka_154.wav.wav,buka
0.045304757,0.26259476,0.32680717486266025,2.663731965186053,0.225394,0.02598946049528302,buka48k-buka_155.wav.wav,buka
0.04567808,0.262341,0.32583449178667534,2.654673454271002,0.22532532,0.026081589033018868,buka48k-buka_156.wav.wav,buka
0.045615193,0.26232305,0.32598331377959494,2.655811482829254,0.22528937,0.026228994693396228,buka48k-buka_157.wav.wav,buka
0.03686357,0.16604611,1.729721435675468,7.027406282488647,0.13587587,0.03460693359375,buka48k-buka_158.wav.wav,buka
0.04375966,0.26156333,0.3286552884331813,2.696312447403569,0.22400571,0.024773363797169812,buka48k-buka_159.wav.wav,buka
0.04556989,0.2623023,0.3261009531371994,2.6566186385548747,0.22525735,0.026523806014150945,buka48k-buka_160.wav.wav,buka
0.045607567,0.26233426,0.3259900351680069,2.655961744376544,0.22529681,0.026228994693396228,buka48k-buka_161.wav.wav,buka
0.045488425,0.26223037,0.32619186626972857,2.6579999852261986,0.22517112,0.026302697523584904,buka48k-buka_162.wav.wav,buka
0.036805924,0.16601893,1.7302026698948383,7.0300867802128035,0.13583228,0.0349853515625,buka48k-buka_163.wav.wav,buka
0.03635682,0.16603029,1.7346617988139414,7.056784037180911,0.13564885,0.03392333984375,buka48k-buka_164.wav.wav,buka
0.031408682,0.171009,1.717064751281821,6.844792514572513,0.13763686,0.03386296452702703,buka48k-buka_165.wav.wav,buka
0.03130357,0.17100403,1.718241089765115,6.850856219514609,0.13759471,0.03344066722972973,buka48k-buka_166.wav.wav,buka
0.04612428,0.26402482,0.2786869852747043,2.9488628698452777,0.22465457,0.028147379557291668,buka48k-buka_167.wav.wav,buka
0.031286746,0.17103355,1.7183985875167878,6.851923444629447,0.13761081,0.033638619087837836,buka48k-buka_168.wav.wav,buka
0.04596727,0.2639607,0.2790388269363593,2.951919470340176,0.22454707,0.028167724609375,buka48k-buka_169.wav.wav,buka
0.045904804,0.26411298,0.27924423850205815,2.953872019249453,0.22464474,0.028004964192708332,buka48k-buka_170.wav.wav,buka
0.046037767,0.26403645,0.2788954078600427,2.950546167879443,0.22463429,0.028228759765625,buka48k-buka_171.wav.wav,buka
0.045751445,0.2640917,0.27957890891550913,2.9569873319574924,0.22457142,0.027842203776041668,buka48k-buka_172.wav.wav,buka
0.045993395,0.26407593,0.27902959302481967,2.9515514837523904,0.22464986,0.028004964192708332,buka48k-buka_173.wav.wav,buka
0.031142417,0.1710554,1.719736252405758,6.861081575716193,0.13756995,0.033018369932432436,buka48k-buka_174.wav.wav,buka
0.031295545,0.17102624,1.7182216040745852,6.851089398312473,0.13760959,0.03354624155405406,buka48k-buka_175.wav.wav,buka
0.046060286,0.26406604,0.2788688976342878,2.9502917319876465,0.22466429,0.028228759765625,buka48k-buka_176.wav.wav,buka
0.03140012,0.17102253,1.717140504588603,6.845114785224613,0.13764465,0.03396853885135135,buka48k-buka_177.wav.wav,buka
0.045851987,0.2639554,0.27918966641336324,2.954237780130047,0.22450267,0.027842203776041668,buka48k-buka_178.wav.wav,buka
0.031239351,0.17095272,1.7186225837967495,6.854478213442718,0.13753247,0.03365181587837838,buka48k-buka_179.wav.wav,buka
0.03137841,0.17099395,1.7173566131250912,6.8461418262515465,0.13761514,0.03396853885135135,buka48k-buka_180.wav.wav,buka
0.046085805,0.26401442,0.2787719421102025,2.949605427490864,0.22463249,0.028147379557291668,buka48k-buka_181.wav.wav,buka
0.04344664,0.26343346,0.28231821960051484,3.017741806006497,0.22312784,0.025848388671875,buka48k-buka_182.wav.wav,buka
0.034364942,0.17469136,1.7576656976450298,7.263966792943551,0.1408712,0.03673598345588235,buka48k-buka_183.wav.wav,buka
0.034337025,0.17477663,1.758105432590913,7.267904726802014,0.14091723,0.036822150735294115,buka48k-buka_184.wav.wav,buka
0.034621432,0.17731337,1.7282808803412835,6.983160172139472,0.14418975,0.03465317234848485,buka48k-buka_185.wav.wav,buka
0.034476683,0.17472292,1.7566635483665687,7.258770586721864,0.14093421,0.037310431985294115,buka48k-buka_186.wav.wav,buka
0.043124698,0.24497534,0.3159443632661151,3.0670286165497673,0.21011643,0.025617732558139535,buka48k-buka_187.wav.wav,buka
0.043146763,0.24496399,0.3158987349746822,3.066524431588827,0.21011515,0.02559502180232558,buka48k-buka_188.wav.wav,buka
0.043081384,0.24499011,0.3160416583614002,3.068129963983555,0.21011339,0.02570857558139535,buka48k-buka_189.wav.wav,buka
0.042809922,0.24488214,0.31661471658973567,3.074505387329471,0.20992991,0.025640443313953487,buka48k-buka_190.wav.wav,buka
0.04302611,0.24494413,0.3160856624455343,3.069305993458519,0.2100569,0.025685864825581394,buka48k-buka_191.wav.wav,buka
0.043138765,0.24496278,0.3158883670911072,3.0666858604707405,0.21011108,0.025685864825581394,buka48k-buka_192.wav.wav,buka
0.04297325,0.24493034,0.31635616325243526,3.070607740370799,0.21002765,0.025549600290697673,buka48k-buka_193.wav.wav,buka
0.0431225,0.24495177,0.3159882133011432,3.0670864919105414,0.21009712,0.025617732558139535,buka48k-buka_194.wav.wav,buka
0.042691182,0.24500026,0.3169809343608224,3.077773230505029,0.20998023,0.025640443313953487,buka48k-buka_195.wav.wav,buka
0.04314595,0.24495769,0.3158695801202628,3.066576975904212,0.21010956,0.025617732558139535,buka48k-buka_196.wav.wav,buka
0.03434544,0.17463502,1.7579439433551938,7.266087774185296,0.14082032,0.03670726102941176,buka48k-buka_197.wav.wav,buka
0.04244415,0.24473837,0.3176448194220323,3.0831864028494493,0.2096847,0.02545875726744186,buka48k-buka_198.wav.wav,buka
0.043094687,0.2449532,0.31606322033228806,3.067502344835585,0.21008882,0.025776707848837208,buka48k-buka_199.wav.wav,buka
0.024588358,0.13676174,2.409092789932158,9.969736526204674,0.11865269,0.05483610733695652,tutup48k-tutup_150.wav.wav,tutup
0.02591907,0.1497561,1.768224852227091,7.021792395690401,0.12972222,0.05884189293032787,tutup48k-tutup_151.wav.wav,tutup
0.024604341,0.13679989,2.409027532437367,9.969215724639394,0.11868916,0.054899796195652176,tutup48k-tutup_152.wav.wav,tutup
0.02568933,0.14973302,1.7717934162713502,7.042380190888597,0.12962371,0.05871381915983607,tutup48k-tutup_153.wav.wav,tutup
0.024530405,0.13671744,2.410124557186302,9.976601758962506,0.11859765,0.05492102581521739,tutup48k-tutup_154.wav.wav,tutup
0.024404611,0.13676141,2.4124514967391497,9.990560548540401,0.118590325,0.0546875,tutup48k-tutup_155.wav.wav,tutup
0.025384713,0.14963579,1.7760638295441635,7.069283506023433,0.12944046,0.05841764856557377,tutup48k-tutup_156.wav.wav,tutup
0.024721034,0.13681762,2.4069261772672013,9.956415867334142,0.11874135,0.054867951766304345,tutup48k-tutup_157.wav.wav,tutup
0.025803769,0.14971541,1.7697928913146888,7.031166921659677,0.1296507,0.05890592981557377,tutup48k-tutup_158.wav.wav,tutup
0.025026115,0.14962608,1.7818311966906866,7.107120321283613,0.1293039,0.0578493212090164,tutup48k-tutup_159.wav.wav,tutup
0.025973707,0.14977832,1.7674345922353658,7.017226658553364,0.1297583,0.05884189293032787,tutup48k-tutup_160.wav.wav,tutup
0.024685314,0.13680577,2.4075581415046248,9.960151124150073,0.118720435,0.054867951766304345,tutup48k-tutup_161.wav.wav,tutup
0.024634428,0.13679193,2.408497307827168,9.965347944060598,0.11869243,0.05477241847826087,tutup48k-tutup_162.wav.wav,tutup
0.024706554,0.1368128,2.4071787409473315,9.958015820928486,0.11873293,0.054867951766304345,tutup48k-tutup_163.wav.wav,tutup
0.024591338,0.14963739,1.7888358490585323,7.1528296786027425,0.12916277,0.0578493212090164,tutup48k-tutup_164.wav.wav,tutup
0.027285945,0.13801989,2.3783798477991756,10.1174732481541,0.12014753,0.05143626143292683,tutup48k-tutup_165.wav.wav,tutup
0.027224952,0.1379849,2.3794886944230322,10.12404161470177,0.12009828,0.05143626143292683,tutup48k-tutup_166.wav.wav,tutup
0.025437726,0.144993,1.78632621906247,7.244252043050908,0.12689568,0.055338541666666664,tutup48k-tutup_167.wav.wav,tutup
0.027232042,0.13797303,2.37940821885385,10.123106159464026,0.12009034,0.051340987042682924,tutup48k-tutup_168.wav.wav,tutup
0.027242666,0.13798748,2.3790896346003434,10.122093583104897,0.120106205,0.051245712652439025,tutup48k-tutup_169.wav.wav,tutup
0.027207568,0.13797198,2.379558266125779,10.1247481103273,0.12008215,0.05115043826219512,tutup48k-tutup_170.wav.wav,tutup
0.02554937,0.14499554,1.7848078365210127,7.234055744947376,0.1269349,0.05569118923611111,tutup48k-tutup_171.wav.wav,tutup
0.027324293,0.13802966,2.3777340464369523,10.113532510218553,0.1201695,0.05153153582317073,tutup48k-tutup_172.wav.wav,tutup
0.025707422,0.14506172,1.7824684638371688,7.220505171237971,0.12704131,0.055908203125,tutup48k-tutup_173.wav.wav,tutup
0.027113419,0.13797978,2.3814033680722386,10.13705738210628,0.12005308,0.05105516387195122,tutup48k-tutup_174.wav.wav,tutup
0.027288219,0.13800934,2.3783228598049693,10.1169100916825,0.12014024,0.051626810213414635,tutup48k-tutup_175.wav.wav,tutup
0.025600152,0.14501582,1.7841750879388332,7.230911096711301,0.12696682,0.05562789351851852,tutup48k-tutup_176.wav.wav,tutup
0.02709439,0.13797256,2.381728433709474,10.13745035543964,0.12004085,0.05115043826219512,tutup48k-tutup_177.wav.wav,tutup
0.027333522,0.13803443,2.3776215742456297,10.112951258122548,0.12017617,0.05153153582317073,tutup48k-tutup_178.wav.wav,tutup
0.027321775,0.13802835,2.377817630995801,10.113963248364428,0.12016715,0.051626810213414635,tutup48k-tutup_179.wav.wav,tutup
0.025709376,0.14505929,1.7823934022802197,7.22001832107186,0.12704012,0.055835865162037035,tutup48k-tutup_180.wav.wav,tutup
0.027276462,0.137995,2.378520047519426,10.11822212172912,0.12012385,0.05143626143292683,tutup48k-tutup_181.wav.wav,tutup
0.027259102,0.13798136,2.3787908614688553,10.11974630740983,0.12010624,0.05143626143292683,tutup48k-tutup_182.wav.wav,tutup
0.025326975,0.14416581,1.8139329566186062,7.382242174743094,0.12652455,0.057685546875,tutup48k-tutup_183.wav.wav,tutup
0.02671097,0.14393045,2.352106215762578,9.61313268659711,0.124389045,0.05225894325657895,tutup48k-tutup_184.wav.wav,tutup
0.026652751,0.14390801,2.3530278907179096,9.618624624012384,0.12435132,0.052156147203947366,tutup48k-tutup_185.wav.wav,tutup
0.025377696,0.14419281,1.8131904736881561,7.377723209262687,0.12656327,0.057841796875,tutup48k-tutup_186.wav.wav,tutup
0.025216555,0.1441533,1.8159098777819702,7.3940708435490965,0.12647627,0.057763671875,tutup48k-tutup_187.wav.wav,tutup
0.025375353,0.14419515,1.8132434565647115,7.37798292899884,0.12656471,0.057763671875,tutup48k-tutup_188.wav.wav,tutup
0.025371512,0.14418224,1.8132652674294005,7.378142611840193,0.12655285,0.057900390625,tutup48k-tutup_189.wav.wav,tutup
0.025202977,0.14414749,1.8159374779315027,7.394055818710928,0.12646826,0.057685546875,tutup48k-tutup_190.wav.wav,tutup
0.025268905,0.14415342,1.8147635350810696,7.387243530682852,0.12649591,0.057802734375,tutup48k-tutup_191.wav.wav,tutup
0.025132233,0.14414412,1.8170635839195026,7.400875532918004,0.12644123,0.057392578125,tutup48k-tutup_192.wav.wav,tutup
0.026596468,0.14390531,2.3538057724254204,9.623393345690635,0.12433041,0.05205335115131579,tutup48k-tutup_193.wav.wav,tutup
0.025317688,0.1441918,1.8141989040137447,7.383404516301628,0.1265429,0.057763671875,tutup48k-tutup_194.wav.wav,tutup
0.025341813,0.14418246,1.8137673316941383,7.381161052529093,0.12654322,0.057939453125,tutup48k-tutup_195.wav.wav,tutup
0.026718158,0.1439388,2.352002011609164,9.612597203883322,0.12439798,0.05236173930921053,tutup48k-tutup_196.wav.wav,tutup
0.026622785,0.14390995,2.3536073210009856,9.622107516986855,0.124342956,0.05205335115131579,tutup48k-tutup_197.wav.wav,tutup
0.026684944,0.14392632,2.352527291394435,9.615842094702002,0.124377266,0.05225894325657895,tutup48k-tutup_198.wav.wav,tutup
0.0252882,0.14412506,1.8145568818402813,7.385834495176125,0.12647808,0.057900390625,tutup48k-tutup_199.wav.wav,tutup
